subject,trialCount,src,first_correct_no_further_mistakes_1
sub1,1,picture1_threat.jpg,12
sub1,1,picture2_threat.jpg,2
sub1,1,picture3_neutral.jpg,8
sub1,1,picture3_threat.jpg,1
sub1,1,picture4_neutral.jpg,12
sub1,1,picture4_threat.jpg,11
sub1,1,picture5_neutral.jpg,5
sub1,1,picture6_neutral.jpg,3
sub1,1,picture7_neutral.jpg,7
sub1,1,picture9_neutral.jpg,10
sub10,1,picture10_neutral.jpg,21
sub10,1,picture1_neutral.jpg,1
sub10,1,picture1_threat.jpg,19
sub10,1,picture2_threat.jpg,16
sub10,1,picture3_neutral.jpg,10
sub10,1,picture3_threat.jpg,22
sub10,1,picture4_neutral.jpg,15
sub10,1,picture4_threat.jpg,20
sub10,1,picture5_neutral.jpg,20
sub10,1,picture9_neutral.jpg,22
sub100,1,picture10_neutral.jpg,10
sub100,1,picture1_neutral.jpg,14
sub100,1,picture1_threat.jpg,15
sub100,1,picture2_threat.jpg,13
sub100,1,picture3_neutral.jpg,1
sub100,1,picture3_threat.jpg,16
sub100,1,picture4_neutral.jpg,16
sub100,1,picture4_threat.jpg,3
sub100,1,picture5_neutral.jpg,6
sub100,1,picture7_neutral.jpg,3
sub100,2,picture10_neutral.jpg,1
sub100,2,picture1_neutral.jpg,3
sub100,2,picture1_threat.jpg,5
sub100,2,picture2_threat.jpg,4
sub100,2,picture3_neutral.jpg,1
sub100,2,picture3_threat.jpg,1
sub100,2,picture4_neutral.jpg,4
sub100,2,picture4_threat.jpg,1
sub100,2,picture5_neutral.jpg,5
sub100,2,picture7_neutral.jpg,1
sub100,4,picture10_neutral.jpg,1
sub100,4,picture1_neutral.jpg,1
sub100,4,picture1_threat.jpg,2
sub100,4,picture2_threat.jpg,1
sub100,4,picture3_neutral.jpg,1
sub100,4,picture3_threat.jpg,1
sub100,4,picture4_neutral.jpg,2
sub100,4,picture4_threat.jpg,1
sub100,4,picture5_neutral.jpg,1
sub100,4,picture7_neutral.jpg,1
sub101,1,picture1_neutral.jpg,39
sub101,1,picture1_threat.jpg,45
sub101,1,picture2_threat.jpg,46
sub101,1,picture3_neutral.jpg,44
sub101,1,picture3_threat.jpg,46
sub101,1,picture4_neutral.jpg,24
sub101,1,picture4_threat.jpg,45
sub101,1,picture5_neutral.jpg,42
sub101,1,picture6_neutral.jpg,32
sub101,1,picture7_neutral.jpg,36
sub101,2,picture1_neutral.jpg,11
sub101,2,picture1_threat.jpg,7
sub101,2,picture2_threat.jpg,4
sub101,2,picture3_neutral.jpg,12
sub101,2,picture3_threat.jpg,1
sub101,2,picture4_neutral.jpg,12
sub101,2,picture4_threat.jpg,3
sub101,2,picture5_neutral.jpg,1
sub101,2,picture6_neutral.jpg,1
sub101,2,picture7_neutral.jpg,5
sub102,1,picture10_neutral.jpg,4
sub102,1,picture1_neutral.jpg,13
sub102,1,picture1_threat.jpg,18
sub102,1,picture2_threat.jpg,17
sub102,1,picture3_neutral.jpg,15
sub102,1,picture3_threat.jpg,14
sub102,1,picture4_neutral.jpg,18
sub102,1,picture4_threat.jpg,12
sub102,1,picture5_neutral.jpg,2
sub102,1,picture6_neutral.jpg,17
sub103,1,picture10_neutral.jpg,22
sub103,1,picture1_neutral.jpg,5
sub103,1,picture1_threat.jpg,19
sub103,1,picture2_threat.jpg,21
sub103,1,picture3_neutral.jpg,14
sub103,1,picture3_threat.jpg,7
sub103,1,picture4_neutral.jpg,23
sub103,1,picture4_threat.jpg,1
sub103,1,picture6_neutral.jpg,10
sub103,1,picture7_neutral.jpg,23
sub105,1,picture10_neutral.jpg,5
sub105,1,picture1_neutral.jpg,24
sub105,1,picture1_threat.jpg,3
sub105,1,picture2_threat.jpg,23
sub105,1,picture3_threat.jpg,20
sub105,1,picture4_neutral.jpg,24
sub105,1,picture4_threat.jpg,20
sub105,1,picture6_neutral.jpg,1
sub105,1,picture7_neutral.jpg,21
sub105,1,picture9_neutral.jpg,8
sub11,1,picture1_neutral.jpg,6
sub11,1,picture1_threat.jpg,9
sub11,1,picture2_threat.jpg,1
sub11,1,picture3_neutral.jpg,10
sub11,1,picture3_threat.jpg,9
sub11,1,picture4_neutral.jpg,2
sub11,1,picture4_threat.jpg,1
sub11,1,picture5_neutral.jpg,10
sub11,1,picture7_neutral.jpg,8
sub11,1,picture9_neutral.jpg,3
sub12,1,picture1_neutral.jpg,5
sub12,1,picture1_threat.jpg,14
sub12,1,picture2_threat.jpg,18
sub12,1,picture3_neutral.jpg,16
sub12,1,picture3_threat.jpg,17
sub12,1,picture4_threat.jpg,9
sub12,1,picture5_neutral.jpg,14
sub12,1,picture6_neutral.jpg,1
sub12,1,picture7_neutral.jpg,18
sub12,1,picture9_neutral.jpg,6
sub13,1,picture1_neutral.jpg,1
sub13,1,picture1_threat.jpg,1
sub13,1,picture2_neutral.jpg,3
sub13,1,picture2_threat.jpg,11
sub13,1,picture3_neutral.jpg,12
sub13,1,picture3_threat.jpg,12
sub13,1,picture4_threat.jpg,9
sub13,1,picture5_neutral.jpg,7
sub13,1,picture8_neutral.jpg,10
sub13,1,picture9_neutral.jpg,10
sub14,1,picture1_neutral.jpg,15
sub14,1,picture1_threat.jpg,7
sub14,1,picture2_neutral.jpg,18
sub14,1,picture2_threat.jpg,12
sub14,1,picture3_threat.jpg,23
sub14,1,picture4_neutral.jpg,2
sub14,1,picture4_threat.jpg,24
sub14,1,picture5_neutral.jpg,24
sub14,1,picture6_neutral.jpg,22
sub14,1,picture8_neutral.jpg,10
sub15,1,picture10_neutral.jpg,18
sub15,1,picture1_neutral.jpg,17
sub15,1,picture1_threat.jpg,18
sub15,1,picture2_threat.jpg,13
sub15,1,picture3_neutral.jpg,12
sub15,1,picture3_threat.jpg,1
sub15,1,picture4_neutral.jpg,17
sub15,1,picture4_threat.jpg,1
sub15,1,picture6_neutral.jpg,1
sub15,1,picture7_neutral.jpg,3
sub16,1,picture10_neutral.jpg,17
sub16,1,picture1_threat.jpg,18
sub16,1,picture2_threat.jpg,14
sub16,1,picture3_neutral.jpg,10
sub16,1,picture3_threat.jpg,15
sub16,1,picture4_neutral.jpg,17
sub16,1,picture4_threat.jpg,6
sub16,1,picture6_neutral.jpg,12
sub16,1,picture8_neutral.jpg,19
sub16,1,picture9_neutral.jpg,19
sub17,1,picture1_neutral.jpg,24
sub17,1,picture1_threat.jpg,30
sub17,1,picture2_neutral.jpg,26
sub17,1,picture2_threat.jpg,22
sub17,1,picture3_threat.jpg,10
sub17,1,picture4_threat.jpg,2
sub17,1,picture6_neutral.jpg,30
sub17,1,picture7_neutral.jpg,13
sub17,1,picture8_neutral.jpg,29
sub17,1,picture9_neutral.jpg,28
sub17,2,picture1_neutral.jpg,11
sub17,2,picture1_threat.jpg,17
sub17,2,picture2_neutral.jpg,6
sub17,2,picture2_threat.jpg,10
sub17,2,picture3_threat.jpg,13
sub17,2,picture4_threat.jpg,1
sub17,2,picture6_neutral.jpg,14
sub17,2,picture7_neutral.jpg,1
sub17,2,picture8_neutral.jpg,17
sub17,2,picture9_neutral.jpg,16
sub17,3,picture1_neutral.jpg,1
sub17,3,picture1_threat.jpg,1
sub17,3,picture2_neutral.jpg,1
sub17,3,picture2_threat.jpg,1
sub17,3,picture3_threat.jpg,1
sub17,3,picture4_threat.jpg,1
sub17,3,picture6_neutral.jpg,2
sub17,3,picture7_neutral.jpg,1
sub17,3,picture8_neutral.jpg,1
sub17,3,picture9_neutral.jpg,2
sub18,1,picture10_neutral.jpg,8
sub18,1,picture1_threat.jpg,9
sub18,1,picture2_threat.jpg,1
sub18,1,picture3_neutral.jpg,7
sub18,1,picture3_threat.jpg,9
sub18,1,picture4_neutral.jpg,1
sub18,1,picture4_threat.jpg,5
sub18,1,picture7_neutral.jpg,5
sub18,1,picture8_neutral.jpg,8
sub18,1,picture9_neutral.jpg,6
sub19,1,picture1_neutral.jpg,12
sub19,1,picture1_threat.jpg,15
sub19,1,picture2_neutral.jpg,7
sub19,1,picture2_threat.jpg,1
sub19,1,picture3_neutral.jpg,14
sub19,1,picture3_threat.jpg,14
sub19,1,picture4_threat.jpg,7
sub19,1,picture5_neutral.jpg,5
sub19,1,picture7_neutral.jpg,4
sub19,1,picture9_neutral.jpg,15
sub2,1,picture10_neutral.jpg,19
sub2,1,picture1_neutral.jpg,9
sub2,1,picture1_threat.jpg,11
sub2,1,picture2_threat.jpg,20
sub2,1,picture3_neutral.jpg,19
sub2,1,picture3_threat.jpg,15
sub2,1,picture4_neutral.jpg,21
sub2,1,picture4_threat.jpg,21
sub2,1,picture8_neutral.jpg,6
sub2,1,picture9_neutral.jpg,1
sub20,1,picture1_neutral.jpg,22
sub20,1,picture1_threat.jpg,22
sub20,1,picture2_threat.jpg,20
sub20,1,picture3_neutral.jpg,21
sub20,1,picture3_threat.jpg,6
sub20,1,picture4_neutral.jpg,1
sub20,1,picture4_threat.jpg,16
sub20,1,picture5_neutral.jpg,1
sub20,1,picture7_neutral.jpg,1
sub20,1,picture9_neutral.jpg,17
sub20,2,picture1_neutral.jpg,1
sub20,2,picture1_threat.jpg,2
sub20,2,picture2_threat.jpg,1
sub20,2,picture3_neutral.jpg,2
sub20,2,picture3_threat.jpg,1
sub20,2,picture4_neutral.jpg,1
sub20,2,picture4_threat.jpg,1
sub20,2,picture5_neutral.jpg,1
sub20,2,picture7_neutral.jpg,1
sub20,2,picture9_neutral.jpg,1
sub21,1,picture10_neutral.jpg,21
sub21,1,picture1_threat.jpg,19
sub21,1,picture2_threat.jpg,21
sub21,1,picture3_neutral.jpg,1
sub21,1,picture3_threat.jpg,18
sub21,1,picture4_neutral.jpg,2
sub21,1,picture4_threat.jpg,20
sub21,1,picture5_neutral.jpg,11
sub21,1,picture6_neutral.jpg,11
sub21,1,picture9_neutral.jpg,1
sub21,2,picture10_neutral.jpg,8
sub21,2,picture1_threat.jpg,7
sub21,2,picture2_threat.jpg,3
sub21,2,picture3_neutral.jpg,10
sub21,2,picture3_threat.jpg,1
sub21,2,picture4_neutral.jpg,4
sub21,2,picture4_threat.jpg,9
sub21,2,picture5_neutral.jpg,10
sub21,2,picture6_neutral.jpg,5
sub21,2,picture9_neutral.jpg,3
sub22,1,picture10_neutral.jpg,4
sub22,1,picture1_neutral.jpg,2
sub22,1,picture1_threat.jpg,14
sub22,1,picture2_threat.jpg,14
sub22,1,picture3_threat.jpg,4
sub22,1,picture4_neutral.jpg,13
sub22,1,picture4_threat.jpg,1
sub22,1,picture5_neutral.jpg,13
sub22,1,picture8_neutral.jpg,9
sub22,1,picture9_neutral.jpg,9
sub23,1,picture10_neutral.jpg,20
sub23,1,picture1_neutral.jpg,20
sub23,1,picture1_threat.jpg,22
sub23,1,picture2_neutral.jpg,24
sub23,1,picture2_threat.jpg,15
sub23,1,picture3_threat.jpg,25
sub23,1,picture4_threat.jpg,17
sub23,1,picture6_neutral.jpg,25
sub23,1,picture8_neutral.jpg,9
sub23,1,picture9_neutral.jpg,23
sub23,4,picture10_neutral.jpg,1
sub23,4,picture1_neutral.jpg,2
sub23,4,picture1_threat.jpg,1
sub23,4,picture2_neutral.jpg,1
sub23,4,picture2_threat.jpg,1
sub23,4,picture3_threat.jpg,1
sub23,4,picture4_threat.jpg,1
sub23,4,picture6_neutral.jpg,1
sub23,4,picture8_neutral.jpg,2
sub23,4,picture9_neutral.jpg,1
sub24,1,picture10_neutral.jpg,1
sub24,1,picture1_neutral.jpg,1
sub24,1,picture1_threat.jpg,10
sub24,1,picture2_neutral.jpg,2
sub24,1,picture2_threat.jpg,1
sub24,1,picture3_threat.jpg,13
sub24,1,picture4_threat.jpg,11
sub24,1,picture5_neutral.jpg,13
sub24,1,picture6_neutral.jpg,12
sub24,1,picture8_neutral.jpg,8
sub25,1,picture1_threat.jpg,9
sub25,1,picture2_neutral.jpg,9
sub25,1,picture2_threat.jpg,15
sub25,1,picture3_neutral.jpg,1
sub25,1,picture3_threat.jpg,18
sub25,1,picture4_neutral.jpg,4
sub25,1,picture4_threat.jpg,10
sub25,1,picture5_neutral.jpg,17
sub25,1,picture6_neutral.jpg,18
sub25,1,picture7_neutral.jpg,13
sub26,1,picture1_neutral.jpg,1
sub26,1,picture1_threat.jpg,1
sub26,1,picture2_neutral.jpg,1
sub26,1,picture2_threat.jpg,8
sub26,1,picture3_threat.jpg,9
sub26,1,picture4_threat.jpg,14
sub26,1,picture5_neutral.jpg,12
sub26,1,picture6_neutral.jpg,15
sub26,1,picture7_neutral.jpg,15
sub26,1,picture9_neutral.jpg,8
sub28,1,picture1_threat.jpg,27
sub28,1,picture2_neutral.jpg,5
sub28,1,picture2_threat.jpg,18
sub28,1,picture3_neutral.jpg,21
sub28,1,picture3_threat.jpg,31
sub28,1,picture4_neutral.jpg,26
sub28,1,picture4_threat.jpg,12
sub28,1,picture5_neutral.jpg,3
sub28,1,picture8_neutral.jpg,31
sub28,1,picture9_neutral.jpg,26
sub28,2,picture1_threat.jpg,6
sub28,2,picture2_neutral.jpg,6
sub28,2,picture2_threat.jpg,3
sub28,2,picture3_neutral.jpg,2
sub28,2,picture3_threat.jpg,6
sub28,2,picture4_neutral.jpg,6
sub28,2,picture4_threat.jpg,6
sub28,2,picture5_neutral.jpg,4
sub28,2,picture8_neutral.jpg,6
sub28,2,picture9_neutral.jpg,6
sub29,1,picture10_neutral.jpg,21
sub29,1,picture1_neutral.jpg,19
sub29,1,picture1_threat.jpg,28
sub29,1,picture2_neutral.jpg,28
sub29,1,picture2_threat.jpg,14
sub29,1,picture3_neutral.jpg,24
sub29,1,picture3_threat.jpg,4
sub29,1,picture4_threat.jpg,26
sub29,1,picture5_neutral.jpg,27
sub29,1,picture7_neutral.jpg,7
sub30,1,picture10_neutral.jpg,15
sub30,1,picture1_threat.jpg,3
sub30,1,picture2_threat.jpg,7
sub30,1,picture3_neutral.jpg,14
sub30,1,picture3_threat.jpg,11
sub30,1,picture4_neutral.jpg,13
sub30,1,picture4_threat.jpg,9
sub30,1,picture5_neutral.jpg,15
sub30,1,picture6_neutral.jpg,1
sub30,1,picture9_neutral.jpg,4
sub31,1,picture10_neutral.jpg,10
sub31,1,picture1_threat.jpg,12
sub31,1,picture2_neutral.jpg,8
sub31,1,picture2_threat.jpg,10
sub31,1,picture3_threat.jpg,17
sub31,1,picture4_neutral.jpg,19
sub31,1,picture4_threat.jpg,14
sub31,1,picture6_neutral.jpg,19
sub31,1,picture8_neutral.jpg,18
sub31,1,picture9_neutral.jpg,6
sub31,4,picture10_neutral.jpg,1
sub31,4,picture1_threat.jpg,1
sub31,4,picture2_neutral.jpg,1
sub31,4,picture2_threat.jpg,1
sub31,4,picture3_threat.jpg,1
sub31,4,picture4_neutral.jpg,2
sub31,4,picture4_threat.jpg,2
sub31,4,picture6_neutral.jpg,1
sub31,4,picture8_neutral.jpg,1
sub31,4,picture9_neutral.jpg,1
sub32,1,picture1_neutral.jpg,5
sub32,1,picture1_threat.jpg,8
sub32,1,picture2_neutral.jpg,10
sub32,1,picture2_threat.jpg,1
sub32,1,picture3_threat.jpg,11
sub32,1,picture4_neutral.jpg,7
sub32,1,picture4_threat.jpg,11
sub32,1,picture5_neutral.jpg,9
sub32,1,picture6_neutral.jpg,2
sub32,1,picture9_neutral.jpg,4
sub33,1,picture10_neutral.jpg,8
sub33,1,picture1_neutral.jpg,10
sub33,1,picture1_threat.jpg,1
sub33,1,picture2_neutral.jpg,7
sub33,1,picture2_threat.jpg,1
sub33,1,picture3_neutral.jpg,1
sub33,1,picture3_threat.jpg,9
sub33,1,picture4_threat.jpg,2
sub33,1,picture5_neutral.jpg,10
sub33,1,picture6_neutral.jpg,3
sub34,1,picture10_neutral.jpg,10
sub34,1,picture1_neutral.jpg,5
sub34,1,picture1_threat.jpg,11
sub34,1,picture2_neutral.jpg,2
sub34,1,picture2_threat.jpg,6
sub34,1,picture3_neutral.jpg,1
sub34,1,picture3_threat.jpg,1
sub34,1,picture4_threat.jpg,9
sub34,1,picture5_neutral.jpg,7
sub34,1,picture8_neutral.jpg,11
sub34,2,picture10_neutral.jpg,9
sub34,2,picture1_neutral.jpg,1
sub34,2,picture1_threat.jpg,5
sub34,2,picture2_neutral.jpg,10
sub34,2,picture2_threat.jpg,11
sub34,2,picture3_neutral.jpg,5
sub34,2,picture3_threat.jpg,5
sub34,2,picture4_threat.jpg,11
sub34,2,picture5_neutral.jpg,7
sub34,2,picture8_neutral.jpg,1
sub34,3,picture10_neutral.jpg,10
sub34,3,picture1_neutral.jpg,22
sub34,3,picture1_threat.jpg,29
sub34,3,picture2_neutral.jpg,19
sub34,3,picture2_threat.jpg,22
sub34,3,picture3_neutral.jpg,21
sub34,3,picture3_threat.jpg,23
sub34,3,picture4_threat.jpg,26
sub34,3,picture5_neutral.jpg,29
sub34,3,picture8_neutral.jpg,27
sub34,4,picture10_neutral.jpg,6
sub34,4,picture1_neutral.jpg,1
sub34,4,picture1_threat.jpg,11
sub34,4,picture2_neutral.jpg,13
sub34,4,picture2_threat.jpg,14
sub34,4,picture3_neutral.jpg,1
sub34,4,picture3_threat.jpg,2
sub34,4,picture4_threat.jpg,14
sub34,4,picture5_neutral.jpg,12
sub34,4,picture8_neutral.jpg,11
sub34,5,picture10_neutral.jpg,1
sub34,5,picture1_neutral.jpg,1
sub34,5,picture1_threat.jpg,3
sub34,5,picture2_neutral.jpg,3
sub34,5,picture2_threat.jpg,1
sub34,5,picture3_neutral.jpg,1
sub34,5,picture3_threat.jpg,1
sub34,5,picture4_threat.jpg,1
sub34,5,picture5_neutral.jpg,1
sub34,5,picture8_neutral.jpg,2
sub34,6,picture10_neutral.jpg,1
sub34,6,picture1_neutral.jpg,1
sub34,6,picture1_threat.jpg,3
sub34,6,picture2_neutral.jpg,1
sub34,6,picture2_threat.jpg,4
sub34,6,picture3_neutral.jpg,1
sub34,6,picture3_threat.jpg,1
sub34,6,picture4_threat.jpg,1
sub34,6,picture5_neutral.jpg,4
sub34,6,picture8_neutral.jpg,3
sub35,1,picture1_neutral.jpg,2
sub35,1,picture1_threat.jpg,36
sub35,1,picture2_neutral.jpg,12
sub35,1,picture2_threat.jpg,34
sub35,1,picture3_neutral.jpg,32
sub35,1,picture3_threat.jpg,35
sub35,1,picture4_threat.jpg,37
sub35,1,picture6_neutral.jpg,32
sub35,1,picture7_neutral.jpg,17
sub35,1,picture8_neutral.jpg,37
sub36,1,picture1_threat.jpg,30
sub36,1,picture2_neutral.jpg,28
sub36,1,picture2_threat.jpg,24
sub36,1,picture3_neutral.jpg,29
sub36,1,picture3_threat.jpg,12
sub36,1,picture4_neutral.jpg,30
sub36,1,picture4_threat.jpg,15
sub36,1,picture5_neutral.jpg,4
sub36,1,picture6_neutral.jpg,27
sub36,1,picture7_neutral.jpg,6
sub37,1,picture1_threat.jpg,1
sub37,1,picture2_neutral.jpg,5
sub37,1,picture2_threat.jpg,8
sub37,1,picture3_neutral.jpg,5
sub37,1,picture3_threat.jpg,9
sub37,1,picture4_neutral.jpg,4
sub37,1,picture4_threat.jpg,6
sub37,1,picture6_neutral.jpg,7
sub37,1,picture7_neutral.jpg,5
sub37,1,picture9_neutral.jpg,9
sub37,2,picture1_threat.jpg,1
sub37,2,picture2_neutral.jpg,1
sub37,2,picture2_threat.jpg,3
sub37,2,picture3_neutral.jpg,4
sub37,2,picture3_threat.jpg,1
sub37,2,picture4_neutral.jpg,1
sub37,2,picture4_threat.jpg,1
sub37,2,picture6_neutral.jpg,2
sub37,2,picture7_neutral.jpg,4
sub37,2,picture9_neutral.jpg,1
sub38,1,picture1_neutral.jpg,2
sub38,1,picture1_threat.jpg,8
sub38,1,picture2_threat.jpg,1
sub38,1,picture3_neutral.jpg,1
sub38,1,picture3_threat.jpg,7
sub38,1,picture4_neutral.jpg,7
sub38,1,picture4_threat.jpg,8
sub38,1,picture7_neutral.jpg,1
sub38,1,picture8_neutral.jpg,5
sub38,1,picture9_neutral.jpg,1
sub38,2,picture1_neutral.jpg,1
sub38,2,picture1_threat.jpg,3
sub38,2,picture2_threat.jpg,5
sub38,2,picture3_neutral.jpg,5
sub38,2,picture3_threat.jpg,5
sub38,2,picture4_neutral.jpg,2
sub38,2,picture4_threat.jpg,5
sub38,2,picture7_neutral.jpg,5
sub38,2,picture8_neutral.jpg,5
sub38,2,picture9_neutral.jpg,5
sub39,1,picture10_neutral.jpg,10
sub39,1,picture1_neutral.jpg,1
sub39,1,picture1_threat.jpg,12
sub39,1,picture2_neutral.jpg,5
sub39,1,picture2_threat.jpg,1
sub39,1,picture3_threat.jpg,12
sub39,1,picture4_threat.jpg,5
sub39,1,picture6_neutral.jpg,1
sub39,1,picture8_neutral.jpg,6
sub39,1,picture9_neutral.jpg,11
sub4,1,picture10_neutral.jpg,3
sub4,1,picture1_neutral.jpg,4
sub4,1,picture1_threat.jpg,1
sub4,1,picture2_threat.jpg,2
sub4,1,picture3_threat.jpg,4
sub4,1,picture4_threat.jpg,3
sub4,1,picture5_neutral.jpg,5
sub4,1,picture6_neutral.jpg,1
sub4,1,picture7_neutral.jpg,4
sub4,1,picture9_neutral.jpg,5
sub40,1,picture10_neutral.jpg,16
sub40,1,picture1_neutral.jpg,27
sub40,1,picture1_threat.jpg,30
sub40,1,picture2_neutral.jpg,29
sub40,1,picture2_threat.jpg,31
sub40,1,picture3_threat.jpg,10
sub40,1,picture4_neutral.jpg,30
sub40,1,picture4_threat.jpg,8
sub40,1,picture7_neutral.jpg,19
sub40,1,picture9_neutral.jpg,31
sub40,2,picture10_neutral.jpg,1
sub40,2,picture1_neutral.jpg,1
sub40,2,picture1_threat.jpg,1
sub40,2,picture2_neutral.jpg,1
sub40,2,picture2_threat.jpg,1
sub40,2,picture3_threat.jpg,1
sub40,2,picture4_neutral.jpg,2
sub40,2,picture4_threat.jpg,2
sub40,2,picture7_neutral.jpg,2
sub40,2,picture9_neutral.jpg,2
sub41,1,picture10_neutral.jpg,2
sub41,1,picture1_neutral.jpg,19
sub41,1,picture1_threat.jpg,7
sub41,1,picture2_neutral.jpg,23
sub41,1,picture2_threat.jpg,10
sub41,1,picture3_neutral.jpg,20
sub41,1,picture3_threat.jpg,22
sub41,1,picture4_threat.jpg,23
sub41,1,picture7_neutral.jpg,20
sub41,1,picture9_neutral.jpg,15
sub41,2,picture10_neutral.jpg,1
sub41,2,picture1_neutral.jpg,8
sub41,2,picture1_threat.jpg,8
sub41,2,picture2_neutral.jpg,2
sub41,2,picture2_threat.jpg,1
sub41,2,picture3_neutral.jpg,1
sub41,2,picture3_threat.jpg,3
sub41,2,picture4_threat.jpg,2
sub41,2,picture7_neutral.jpg,7
sub41,2,picture9_neutral.jpg,6
sub41,3,picture10_neutral.jpg,1
sub41,3,picture1_neutral.jpg,1
sub41,3,picture1_threat.jpg,1
sub41,3,picture2_neutral.jpg,3
sub41,3,picture2_threat.jpg,1
sub41,3,picture3_neutral.jpg,1
sub41,3,picture3_threat.jpg,1
sub41,3,picture4_threat.jpg,3
sub41,3,picture7_neutral.jpg,1
sub41,3,picture9_neutral.jpg,1
sub41,4,picture10_neutral.jpg,1
sub41,4,picture1_neutral.jpg,1
sub41,4,picture1_threat.jpg,1
sub41,4,picture2_neutral.jpg,1
sub41,4,picture2_threat.jpg,2
sub41,4,picture3_neutral.jpg,1
sub41,4,picture3_threat.jpg,1
sub41,4,picture4_threat.jpg,1
sub41,4,picture7_neutral.jpg,2
sub41,4,picture9_neutral.jpg,1
sub41,5,picture10_neutral.jpg,1
sub41,5,picture1_neutral.jpg,2
sub41,5,picture1_threat.jpg,2
sub41,5,picture2_neutral.jpg,1
sub41,5,picture2_threat.jpg,2
sub41,5,picture3_neutral.jpg,1
sub41,5,picture3_threat.jpg,1
sub41,5,picture4_threat.jpg,1
sub41,5,picture7_neutral.jpg,2
sub41,5,picture9_neutral.jpg,1
sub41,6,picture10_neutral.jpg,1
sub41,6,picture1_neutral.jpg,2
sub41,6,picture1_threat.jpg,2
sub41,6,picture2_neutral.jpg,1
sub41,6,picture2_threat.jpg,2
sub41,6,picture3_neutral.jpg,1
sub41,6,picture3_threat.jpg,1
sub41,6,picture4_threat.jpg,1
sub41,6,picture7_neutral.jpg,2
sub41,6,picture9_neutral.jpg,1
sub42,1,picture1_threat.jpg,30
sub42,1,picture2_threat.jpg,31
sub42,1,picture3_neutral.jpg,21
sub42,1,picture3_threat.jpg,23
sub42,1,picture4_neutral.jpg,1
sub42,1,picture4_threat.jpg,24
sub42,1,picture6_neutral.jpg,31
sub42,1,picture7_neutral.jpg,7
sub42,1,picture8_neutral.jpg,26
sub42,1,picture9_neutral.jpg,29
sub43,1,picture1_neutral.jpg,21
sub43,1,picture1_threat.jpg,15
sub43,1,picture2_neutral.jpg,26
sub43,1,picture2_threat.jpg,18
sub43,1,picture3_neutral.jpg,21
sub43,1,picture3_threat.jpg,29
sub43,1,picture4_threat.jpg,27
sub43,1,picture5_neutral.jpg,29
sub43,1,picture8_neutral.jpg,10
sub43,1,picture9_neutral.jpg,25
sub44,1,picture1_neutral.jpg,1
sub44,1,picture1_threat.jpg,13
sub44,1,picture2_neutral.jpg,9
sub44,1,picture2_threat.jpg,8
sub44,1,picture3_threat.jpg,11
sub44,1,picture4_threat.jpg,13
sub44,1,picture5_neutral.jpg,13
sub44,1,picture7_neutral.jpg,13
sub44,1,picture8_neutral.jpg,12
sub44,1,picture9_neutral.jpg,10
sub45,1,picture1_threat.jpg,18
sub45,1,picture2_neutral.jpg,16
sub45,1,picture2_threat.jpg,17
sub45,1,picture3_neutral.jpg,19
sub45,1,picture3_threat.jpg,13
sub45,1,picture4_neutral.jpg,19
sub45,1,picture4_threat.jpg,6
sub45,1,picture6_neutral.jpg,18
sub45,1,picture8_neutral.jpg,10
sub45,1,picture9_neutral.jpg,3
sub45,2,picture1_threat.jpg,3
sub45,2,picture2_neutral.jpg,2
sub45,2,picture2_threat.jpg,1
sub45,2,picture3_neutral.jpg,1
sub45,2,picture3_threat.jpg,1
sub45,2,picture4_neutral.jpg,3
sub45,2,picture4_threat.jpg,1
sub45,2,picture6_neutral.jpg,1
sub45,2,picture8_neutral.jpg,1
sub45,2,picture9_neutral.jpg,1
sub46,1,picture1_neutral.jpg,10
sub46,1,picture1_threat.jpg,18
sub46,1,picture2_neutral.jpg,18
sub46,1,picture2_threat.jpg,9
sub46,1,picture3_neutral.jpg,19
sub46,1,picture3_threat.jpg,3
sub46,1,picture4_neutral.jpg,19
sub46,1,picture4_threat.jpg,8
sub46,1,picture7_neutral.jpg,4
sub46,1,picture9_neutral.jpg,17
sub47,1,picture1_threat.jpg,24
sub47,1,picture2_neutral.jpg,8
sub47,1,picture2_threat.jpg,25
sub47,1,picture3_neutral.jpg,25
sub47,1,picture3_threat.jpg,23
sub47,1,picture4_neutral.jpg,22
sub47,1,picture4_threat.jpg,20
sub47,1,picture7_neutral.jpg,1
sub47,1,picture8_neutral.jpg,1
sub47,1,picture9_neutral.jpg,14
sub48,1,picture1_neutral.jpg,16
sub48,1,picture1_threat.jpg,15
sub48,1,picture2_threat.jpg,1
sub48,1,picture3_neutral.jpg,17
sub48,1,picture3_threat.jpg,17
sub48,1,picture4_neutral.jpg,6
sub48,1,picture4_threat.jpg,13
sub48,1,picture5_neutral.jpg,3
sub48,1,picture7_neutral.jpg,14
sub48,1,picture8_neutral.jpg,12
sub49,1,picture1_neutral.jpg,3
sub49,1,picture1_threat.jpg,15
sub49,1,picture2_neutral.jpg,2
sub49,1,picture2_threat.jpg,6
sub49,1,picture3_neutral.jpg,2
sub49,1,picture3_threat.jpg,15
sub49,1,picture4_threat.jpg,14
sub49,1,picture5_neutral.jpg,13
sub49,1,picture6_neutral.jpg,8
sub49,1,picture9_neutral.jpg,12
sub5,1,picture10_neutral.jpg,1
sub5,1,picture1_neutral.jpg,9
sub5,1,picture1_threat.jpg,5
sub5,1,picture2_neutral.jpg,10
sub5,1,picture2_threat.jpg,1
sub5,1,picture3_threat.jpg,7
sub5,1,picture4_threat.jpg,10
sub5,1,picture7_neutral.jpg,8
sub5,1,picture8_neutral.jpg,1
sub5,1,picture9_neutral.jpg,2
sub50,1,picture1_neutral.jpg,8
sub50,1,picture1_threat.jpg,11
sub50,1,picture2_threat.jpg,1
sub50,1,picture3_neutral.jpg,18
sub50,1,picture3_threat.jpg,17
sub50,1,picture4_threat.jpg,1
sub50,1,picture5_neutral.jpg,15
sub50,1,picture6_neutral.jpg,9
sub50,1,picture7_neutral.jpg,18
sub50,1,picture8_neutral.jpg,16
sub51,1,picture10_neutral.jpg,17
sub51,1,picture1_neutral.jpg,6
sub51,1,picture1_threat.jpg,3
sub51,1,picture2_neutral.jpg,15
sub51,1,picture2_threat.jpg,1
sub51,1,picture3_threat.jpg,1
sub51,1,picture4_neutral.jpg,16
sub51,1,picture4_threat.jpg,11
sub51,1,picture5_neutral.jpg,8
sub51,1,picture9_neutral.jpg,17
sub52,1,picture1_neutral.jpg,12
sub52,1,picture1_threat.jpg,8
sub52,1,picture2_threat.jpg,34
sub52,1,picture3_neutral.jpg,9
sub52,1,picture3_threat.jpg,33
sub52,1,picture4_threat.jpg,34
sub52,1,picture5_neutral.jpg,27
sub52,1,picture6_neutral.jpg,33
sub52,1,picture7_neutral.jpg,2
sub52,1,picture8_neutral.jpg,21
sub52,3,picture1_neutral.jpg,4
sub52,3,picture1_threat.jpg,1
sub52,3,picture2_threat.jpg,4
sub52,3,picture3_neutral.jpg,4
sub52,3,picture3_threat.jpg,1
sub52,3,picture4_threat.jpg,4
sub52,3,picture5_neutral.jpg,1
sub52,3,picture6_neutral.jpg,1
sub52,3,picture7_neutral.jpg,4
sub52,3,picture8_neutral.jpg,1
sub53,1,picture10_neutral.jpg,8
sub53,1,picture1_threat.jpg,7
sub53,1,picture2_neutral.jpg,16
sub53,1,picture2_threat.jpg,11
sub53,1,picture3_neutral.jpg,17
sub53,1,picture3_threat.jpg,9
sub53,1,picture4_neutral.jpg,10
sub53,1,picture4_threat.jpg,14
sub53,1,picture7_neutral.jpg,16
sub53,1,picture9_neutral.jpg,17
sub54,1,picture10_neutral.jpg,21
sub54,1,picture1_neutral.jpg,16
sub54,1,picture1_threat.jpg,9
sub54,1,picture2_threat.jpg,1
sub54,1,picture3_threat.jpg,20
sub54,1,picture4_neutral.jpg,19
sub54,1,picture4_threat.jpg,18
sub54,1,picture5_neutral.jpg,16
sub54,1,picture6_neutral.jpg,21
sub54,1,picture8_neutral.jpg,20
sub55,1,picture10_neutral.jpg,14
sub55,1,picture1_threat.jpg,4
sub55,1,picture2_neutral.jpg,6
sub55,1,picture2_threat.jpg,15
sub55,1,picture3_threat.jpg,9
sub55,1,picture4_threat.jpg,11
sub55,1,picture6_neutral.jpg,8
sub55,1,picture7_neutral.jpg,15
sub55,1,picture8_neutral.jpg,12
sub55,1,picture9_neutral.jpg,7
sub55,2,picture10_neutral.jpg,1
sub55,2,picture1_threat.jpg,1
sub55,2,picture2_neutral.jpg,1
sub55,2,picture2_threat.jpg,1
sub55,2,picture3_threat.jpg,1
sub55,2,picture4_threat.jpg,3
sub55,2,picture6_neutral.jpg,1
sub55,2,picture7_neutral.jpg,1
sub55,2,picture8_neutral.jpg,3
sub55,2,picture9_neutral.jpg,1
sub56,1,picture10_neutral.jpg,20
sub56,1,picture1_threat.jpg,24
sub56,1,picture2_neutral.jpg,25
sub56,1,picture2_threat.jpg,21
sub56,1,picture3_threat.jpg,22
sub56,1,picture4_neutral.jpg,1
sub56,1,picture4_threat.jpg,26
sub56,1,picture6_neutral.jpg,6
sub56,1,picture8_neutral.jpg,26
sub56,1,picture9_neutral.jpg,8
sub57,1,picture10_neutral.jpg,10
sub57,1,picture1_neutral.jpg,23
sub57,1,picture1_threat.jpg,22
sub57,1,picture2_threat.jpg,18
sub57,1,picture3_neutral.jpg,24
sub57,1,picture3_threat.jpg,23
sub57,1,picture4_neutral.jpg,9
sub57,1,picture4_threat.jpg,21
sub57,1,picture6_neutral.jpg,16
sub57,1,picture9_neutral.jpg,24
sub58,1,picture1_neutral.jpg,13
sub58,1,picture1_threat.jpg,15
sub58,1,picture2_neutral.jpg,3
sub58,1,picture2_threat.jpg,14
sub58,1,picture3_neutral.jpg,1
sub58,1,picture3_threat.jpg,6
sub58,1,picture4_threat.jpg,11
sub58,1,picture5_neutral.jpg,2
sub58,1,picture7_neutral.jpg,15
sub58,1,picture8_neutral.jpg,12
sub59,1,picture10_neutral.jpg,19
sub59,1,picture1_threat.jpg,9
sub59,1,picture2_threat.jpg,26
sub59,1,picture3_threat.jpg,27
sub59,1,picture4_threat.jpg,22
sub59,1,picture5_neutral.jpg,27
sub59,1,picture6_neutral.jpg,15
sub59,1,picture7_neutral.jpg,25
sub59,1,picture8_neutral.jpg,23
sub59,1,picture9_neutral.jpg,21
sub6,1,picture1_neutral.jpg,22
sub6,1,picture1_threat.jpg,18
sub6,1,picture2_threat.jpg,21
sub6,1,picture3_neutral.jpg,26
sub6,1,picture3_threat.jpg,26
sub6,1,picture4_neutral.jpg,9
sub6,1,picture4_threat.jpg,23
sub6,1,picture6_neutral.jpg,1
sub6,1,picture7_neutral.jpg,27
sub6,1,picture9_neutral.jpg,27
sub60,1,picture1_threat.jpg,22
sub60,1,picture2_neutral.jpg,15
sub60,1,picture2_threat.jpg,21
sub60,1,picture3_neutral.jpg,8
sub60,1,picture3_threat.jpg,12
sub60,1,picture4_neutral.jpg,19
sub60,1,picture4_threat.jpg,16
sub60,1,picture5_neutral.jpg,15
sub60,1,picture7_neutral.jpg,22
sub60,1,picture8_neutral.jpg,18
sub61,1,picture1_threat.jpg,15
sub61,1,picture2_threat.jpg,24
sub61,1,picture3_neutral.jpg,18
sub61,1,picture3_threat.jpg,22
sub61,1,picture4_threat.jpg,3
sub61,1,picture5_neutral.jpg,23
sub61,1,picture6_neutral.jpg,1
sub61,1,picture7_neutral.jpg,17
sub61,1,picture8_neutral.jpg,21
sub61,1,picture9_neutral.jpg,24
sub62,1,picture10_neutral.jpg,9
sub62,1,picture1_neutral.jpg,12
sub62,1,picture1_threat.jpg,13
sub62,1,picture2_neutral.jpg,7
sub62,1,picture2_threat.jpg,1
sub62,1,picture3_threat.jpg,13
sub62,1,picture4_threat.jpg,1
sub62,1,picture6_neutral.jpg,11
sub62,1,picture7_neutral.jpg,1
sub62,1,picture9_neutral.jpg,6
sub63,1,picture10_neutral.jpg,19
sub63,1,picture1_neutral.jpg,18
sub63,1,picture1_threat.jpg,20
sub63,1,picture2_threat.jpg,16
sub63,1,picture3_neutral.jpg,19
sub63,1,picture3_threat.jpg,3
sub63,1,picture4_threat.jpg,10
sub63,1,picture5_neutral.jpg,8
sub63,1,picture7_neutral.jpg,20
sub63,1,picture9_neutral.jpg,12
sub63,2,picture10_neutral.jpg,5
sub63,2,picture1_neutral.jpg,7
sub63,2,picture1_threat.jpg,18
sub63,2,picture2_threat.jpg,18
sub63,2,picture3_neutral.jpg,9
sub63,2,picture3_threat.jpg,7
sub63,2,picture4_threat.jpg,17
sub63,2,picture5_neutral.jpg,14
sub63,2,picture7_neutral.jpg,16
sub63,2,picture9_neutral.jpg,12
sub64,1,picture10_neutral.jpg,21
sub64,1,picture1_threat.jpg,20
sub64,1,picture2_neutral.jpg,19
sub64,1,picture2_threat.jpg,22
sub64,1,picture3_neutral.jpg,6
sub64,1,picture3_threat.jpg,12
sub64,1,picture4_neutral.jpg,16
sub64,1,picture4_threat.jpg,23
sub64,1,picture5_neutral.jpg,23
sub64,1,picture6_neutral.jpg,19
sub65,1,picture10_neutral.jpg,3
sub65,1,picture1_threat.jpg,3
sub65,1,picture2_threat.jpg,4
sub65,1,picture3_neutral.jpg,5
sub65,1,picture3_threat.jpg,2
sub65,1,picture4_neutral.jpg,8
sub65,1,picture4_threat.jpg,5
sub65,1,picture5_neutral.jpg,8
sub65,1,picture7_neutral.jpg,5
sub65,1,picture9_neutral.jpg,7
sub65,2,picture10_neutral.jpg,1
sub65,2,picture1_threat.jpg,9
sub65,2,picture2_threat.jpg,6
sub65,2,picture3_neutral.jpg,10
sub65,2,picture3_threat.jpg,10
sub65,2,picture4_neutral.jpg,9
sub65,2,picture4_threat.jpg,9
sub65,2,picture5_neutral.jpg,8
sub65,2,picture7_neutral.jpg,6
sub65,2,picture9_neutral.jpg,3
sub66,1,picture10_neutral.jpg,25
sub66,1,picture1_neutral.jpg,27
sub66,1,picture1_threat.jpg,9
sub66,1,picture2_neutral.jpg,23
sub66,1,picture2_threat.jpg,20
sub66,1,picture3_threat.jpg,28
sub66,1,picture4_neutral.jpg,13
sub66,1,picture4_threat.jpg,28
sub66,1,picture6_neutral.jpg,7
sub66,1,picture9_neutral.jpg,26
sub66,2,picture10_neutral.jpg,1
sub66,2,picture1_neutral.jpg,1
sub66,2,picture1_threat.jpg,1
sub66,2,picture2_neutral.jpg,2
sub66,2,picture2_threat.jpg,1
sub66,2,picture3_threat.jpg,1
sub66,2,picture4_neutral.jpg,2
sub66,2,picture4_threat.jpg,1
sub66,2,picture6_neutral.jpg,1
sub66,2,picture9_neutral.jpg,1
sub67,1,picture10_neutral.jpg,11
sub67,1,picture1_neutral.jpg,12
sub67,1,picture1_threat.jpg,13
sub67,1,picture2_threat.jpg,13
sub67,1,picture3_threat.jpg,6
sub67,1,picture4_neutral.jpg,8
sub67,1,picture4_threat.jpg,2
sub67,1,picture6_neutral.jpg,10
sub67,1,picture7_neutral.jpg,6
sub67,1,picture8_neutral.jpg,1
sub68,1,picture1_neutral.jpg,1
sub68,1,picture1_threat.jpg,21
sub68,1,picture2_threat.jpg,1
sub68,1,picture3_neutral.jpg,1
sub68,1,picture3_threat.jpg,20
sub68,1,picture4_threat.jpg,13
sub68,1,picture6_neutral.jpg,18
sub68,1,picture7_neutral.jpg,17
sub68,1,picture8_neutral.jpg,22
sub68,1,picture9_neutral.jpg,22
sub69,1,picture10_neutral.jpg,3
sub69,1,picture1_neutral.jpg,5
sub69,1,picture1_threat.jpg,12
sub69,1,picture2_neutral.jpg,8
sub69,1,picture2_threat.jpg,12
sub69,1,picture3_neutral.jpg,11
sub69,1,picture3_threat.jpg,3
sub69,1,picture4_threat.jpg,6
sub69,1,picture7_neutral.jpg,8
sub69,1,picture8_neutral.jpg,10
sub7,1,picture10_neutral.jpg,10
sub7,1,picture1_neutral.jpg,1
sub7,1,picture1_threat.jpg,20
sub7,1,picture2_neutral.jpg,23
sub7,1,picture2_threat.jpg,23
sub7,1,picture3_threat.jpg,13
sub7,1,picture4_threat.jpg,17
sub7,1,picture5_neutral.jpg,20
sub7,1,picture6_neutral.jpg,22
sub7,1,picture8_neutral.jpg,16
sub70,1,picture1_neutral.jpg,1
sub70,1,picture1_threat.jpg,4
sub70,1,picture2_neutral.jpg,8
sub70,1,picture2_threat.jpg,4
sub70,1,picture3_neutral.jpg,9
sub70,1,picture3_threat.jpg,1
sub70,1,picture4_threat.jpg,1
sub70,1,picture5_neutral.jpg,9
sub70,1,picture7_neutral.jpg,7
sub70,1,picture9_neutral.jpg,3
sub71,1,picture1_neutral.jpg,10
sub71,1,picture1_threat.jpg,1
sub71,1,picture2_threat.jpg,10
sub71,1,picture3_threat.jpg,11
sub71,1,picture4_neutral.jpg,2
sub71,1,picture4_threat.jpg,9
sub71,1,picture6_neutral.jpg,1
sub71,1,picture7_neutral.jpg,6
sub71,1,picture8_neutral.jpg,1
sub71,1,picture9_neutral.jpg,11
sub72,1,picture10_neutral.jpg,9
sub72,1,picture1_neutral.jpg,21
sub72,1,picture1_threat.jpg,12
sub72,1,picture2_threat.jpg,18
sub72,1,picture3_threat.jpg,12
sub72,1,picture4_threat.jpg,17
sub72,1,picture5_neutral.jpg,14
sub72,1,picture6_neutral.jpg,15
sub72,1,picture8_neutral.jpg,21
sub72,1,picture9_neutral.jpg,20
sub73,1,picture10_neutral.jpg,9
sub73,1,picture1_threat.jpg,12
sub73,1,picture2_threat.jpg,6
sub73,1,picture3_neutral.jpg,16
sub73,1,picture3_threat.jpg,16
sub73,1,picture4_neutral.jpg,15
sub73,1,picture4_threat.jpg,7
sub73,1,picture5_neutral.jpg,14
sub73,1,picture8_neutral.jpg,13
sub73,1,picture9_neutral.jpg,10
sub74,1,picture1_neutral.jpg,37
sub74,1,picture1_threat.jpg,38
sub74,1,picture2_threat.jpg,31
sub74,1,picture3_neutral.jpg,34
sub74,1,picture3_threat.jpg,24
sub74,1,picture4_neutral.jpg,35
sub74,1,picture4_threat.jpg,23
sub74,1,picture5_neutral.jpg,37
sub74,1,picture6_neutral.jpg,38
sub74,1,picture7_neutral.jpg,32
sub74,4,picture1_neutral.jpg,1
sub74,4,picture1_threat.jpg,1
sub74,4,picture2_threat.jpg,1
sub74,4,picture3_neutral.jpg,1
sub74,4,picture3_threat.jpg,1
sub74,4,picture4_neutral.jpg,1
sub74,4,picture4_threat.jpg,1
sub74,4,picture5_neutral.jpg,3
sub74,4,picture6_neutral.jpg,3
sub74,4,picture7_neutral.jpg,1
sub75,1,picture1_neutral.jpg,4
sub75,1,picture1_threat.jpg,1
sub75,1,picture2_neutral.jpg,7
sub75,1,picture2_threat.jpg,10
sub75,1,picture3_neutral.jpg,9
sub75,1,picture3_threat.jpg,11
sub75,1,picture4_neutral.jpg,9
sub75,1,picture4_threat.jpg,1
sub75,1,picture6_neutral.jpg,11
sub75,1,picture9_neutral.jpg,8
sub76,1,picture1_neutral.jpg,15
sub76,1,picture1_threat.jpg,15
sub76,1,picture2_threat.jpg,11
sub76,1,picture3_threat.jpg,1
sub76,1,picture4_neutral.jpg,2
sub76,1,picture4_threat.jpg,4
sub76,1,picture5_neutral.jpg,14
sub76,1,picture6_neutral.jpg,13
sub76,1,picture7_neutral.jpg,6
sub76,1,picture9_neutral.jpg,13
sub77,1,picture10_neutral.jpg,11
sub77,1,picture1_neutral.jpg,2
sub77,1,picture1_threat.jpg,13
sub77,1,picture2_neutral.jpg,13
sub77,1,picture2_threat.jpg,3
sub77,1,picture3_threat.jpg,12
sub77,1,picture4_threat.jpg,10
sub77,1,picture5_neutral.jpg,2
sub77,1,picture6_neutral.jpg,6
sub77,1,picture9_neutral.jpg,9
sub78,1,picture10_neutral.jpg,6
sub78,1,picture1_neutral.jpg,8
sub78,1,picture1_threat.jpg,14
sub78,1,picture2_neutral.jpg,16
sub78,1,picture2_threat.jpg,15
sub78,1,picture3_threat.jpg,6
sub78,1,picture4_threat.jpg,1
sub78,1,picture6_neutral.jpg,16
sub78,1,picture7_neutral.jpg,2
sub78,1,picture8_neutral.jpg,3
sub79,1,picture10_neutral.jpg,12
sub79,1,picture1_neutral.jpg,10
sub79,1,picture1_threat.jpg,22
sub79,1,picture2_threat.jpg,22
sub79,1,picture3_threat.jpg,20
sub79,1,picture4_neutral.jpg,1
sub79,1,picture4_threat.jpg,1
sub79,1,picture6_neutral.jpg,23
sub79,1,picture7_neutral.jpg,23
sub79,1,picture9_neutral.jpg,20
sub79,2,picture10_neutral.jpg,4
sub79,2,picture1_neutral.jpg,16
sub79,2,picture1_threat.jpg,12
sub79,2,picture2_threat.jpg,7
sub79,2,picture3_threat.jpg,15
sub79,2,picture4_neutral.jpg,1
sub79,2,picture4_threat.jpg,1
sub79,2,picture6_neutral.jpg,13
sub79,2,picture7_neutral.jpg,14
sub79,2,picture9_neutral.jpg,16
sub79,3,picture10_neutral.jpg,1
sub79,3,picture1_neutral.jpg,1
sub79,3,picture1_threat.jpg,1
sub79,3,picture2_threat.jpg,3
sub79,3,picture3_threat.jpg,1
sub79,3,picture4_neutral.jpg,1
sub79,3,picture4_threat.jpg,1
sub79,3,picture6_neutral.jpg,2
sub79,3,picture7_neutral.jpg,1
sub79,3,picture9_neutral.jpg,3
sub79,4,picture10_neutral.jpg,1
sub79,4,picture1_neutral.jpg,1
sub79,4,picture1_threat.jpg,1
sub79,4,picture2_threat.jpg,1
sub79,4,picture3_threat.jpg,2
sub79,4,picture4_neutral.jpg,1
sub79,4,picture4_threat.jpg,1
sub79,4,picture6_neutral.jpg,1
sub79,4,picture7_neutral.jpg,2
sub79,4,picture9_neutral.jpg,1
sub8,1,picture10_neutral.jpg,14
sub8,1,picture1_neutral.jpg,14
sub8,1,picture1_threat.jpg,7
sub8,1,picture2_threat.jpg,14
sub8,1,picture3_threat.jpg,12
sub8,1,picture4_threat.jpg,13
sub8,1,picture5_neutral.jpg,10
sub8,1,picture6_neutral.jpg,3
sub8,1,picture7_neutral.jpg,4
sub8,1,picture8_neutral.jpg,9
sub80,1,picture1_neutral.jpg,7
sub80,1,picture1_threat.jpg,31
sub80,1,picture2_neutral.jpg,29
sub80,1,picture2_threat.jpg,25
sub80,1,picture3_threat.jpg,4
sub80,1,picture4_threat.jpg,24
sub80,1,picture5_neutral.jpg,30
sub80,1,picture6_neutral.jpg,29
sub80,1,picture8_neutral.jpg,1
sub80,1,picture9_neutral.jpg,31
sub81,1,picture1_neutral.jpg,13
sub81,1,picture1_threat.jpg,11
sub81,1,picture2_threat.jpg,8
sub81,1,picture3_neutral.jpg,15
sub81,1,picture3_threat.jpg,1
sub81,1,picture4_threat.jpg,15
sub81,1,picture5_neutral.jpg,12
sub81,1,picture6_neutral.jpg,5
sub81,1,picture7_neutral.jpg,13
sub81,1,picture9_neutral.jpg,9
sub82,1,picture1_threat.jpg,20
sub82,1,picture2_neutral.jpg,19
sub82,1,picture2_threat.jpg,15
sub82,1,picture3_threat.jpg,1
sub82,1,picture4_neutral.jpg,3
sub82,1,picture4_threat.jpg,18
sub82,1,picture5_neutral.jpg,7
sub82,1,picture6_neutral.jpg,20
sub82,1,picture8_neutral.jpg,1
sub82,1,picture9_neutral.jpg,12
sub83,1,picture10_neutral.jpg,3
sub83,1,picture1_threat.jpg,9
sub83,1,picture2_neutral.jpg,7
sub83,1,picture2_threat.jpg,9
sub83,1,picture3_threat.jpg,4
sub83,1,picture4_neutral.jpg,2
sub83,1,picture4_threat.jpg,3
sub83,1,picture5_neutral.jpg,5
sub83,1,picture8_neutral.jpg,8
sub83,1,picture9_neutral.jpg,3
sub84,1,picture10_neutral.jpg,11
sub84,1,picture1_neutral.jpg,8
sub84,1,picture1_threat.jpg,15
sub84,1,picture2_threat.jpg,17
sub84,1,picture3_neutral.jpg,10
sub84,1,picture3_threat.jpg,17
sub84,1,picture4_neutral.jpg,5
sub84,1,picture4_threat.jpg,9
sub84,1,picture5_neutral.jpg,16
sub84,1,picture9_neutral.jpg,15
sub85,1,picture1_neutral.jpg,15
sub85,1,picture1_threat.jpg,5
sub85,1,picture2_neutral.jpg,21
sub85,1,picture2_threat.jpg,26
sub85,1,picture3_threat.jpg,5
sub85,1,picture4_neutral.jpg,24
sub85,1,picture4_threat.jpg,26
sub85,1,picture5_neutral.jpg,13
sub85,1,picture7_neutral.jpg,25
sub85,1,picture9_neutral.jpg,22
sub86,1,picture10_neutral.jpg,6
sub86,1,picture1_neutral.jpg,5
sub86,1,picture1_threat.jpg,1
sub86,1,picture2_neutral.jpg,8
sub86,1,picture2_threat.jpg,11
sub86,1,picture3_threat.jpg,1
sub86,1,picture4_threat.jpg,11
sub86,1,picture7_neutral.jpg,2
sub86,1,picture8_neutral.jpg,7
sub86,1,picture9_neutral.jpg,10
sub87,1,picture10_neutral.jpg,1
sub87,1,picture1_neutral.jpg,16
sub87,1,picture1_threat.jpg,17
sub87,1,picture2_neutral.jpg,12
sub87,1,picture2_threat.jpg,13
sub87,1,picture3_threat.jpg,14
sub87,1,picture4_neutral.jpg,17
sub87,1,picture4_threat.jpg,9
sub87,1,picture6_neutral.jpg,6
sub87,1,picture8_neutral.jpg,15
sub88,1,picture10_neutral.jpg,12
sub88,1,picture1_neutral.jpg,3
sub88,1,picture1_threat.jpg,12
sub88,1,picture2_neutral.jpg,2
sub88,1,picture2_threat.jpg,2
sub88,1,picture3_threat.jpg,14
sub88,1,picture4_threat.jpg,3
sub88,1,picture7_neutral.jpg,4
sub88,1,picture8_neutral.jpg,14
sub88,1,picture9_neutral.jpg,10
sub89,1,picture10_neutral.jpg,22
sub89,1,picture1_threat.jpg,13
sub89,1,picture2_neutral.jpg,10
sub89,1,picture2_threat.jpg,18
sub89,1,picture3_neutral.jpg,15
sub89,1,picture3_threat.jpg,21
sub89,1,picture4_threat.jpg,14
sub89,1,picture5_neutral.jpg,20
sub89,1,picture8_neutral.jpg,17
sub89,1,picture9_neutral.jpg,22
sub9,1,picture10_neutral.jpg,1
sub9,1,picture1_neutral.jpg,6
sub9,1,picture1_threat.jpg,9
sub9,1,picture2_neutral.jpg,3
sub9,1,picture2_threat.jpg,4
sub9,1,picture3_threat.jpg,1
sub9,1,picture4_threat.jpg,2
sub9,1,picture7_neutral.jpg,7
sub9,1,picture8_neutral.jpg,8
sub9,1,picture9_neutral.jpg,9
sub90,1,picture1_threat.jpg,28
sub90,1,picture2_neutral.jpg,29
sub90,1,picture2_threat.jpg,27
sub90,1,picture3_neutral.jpg,7
sub90,1,picture3_threat.jpg,17
sub90,1,picture4_threat.jpg,24
sub90,1,picture5_neutral.jpg,29
sub90,1,picture7_neutral.jpg,9
sub90,1,picture8_neutral.jpg,28
sub90,1,picture9_neutral.jpg,10
sub92,1,picture10_neutral.jpg,9
sub92,1,picture1_neutral.jpg,11
sub92,1,picture1_threat.jpg,1
sub92,1,picture2_threat.jpg,6
sub92,1,picture3_threat.jpg,8
sub92,1,picture4_neutral.jpg,1
sub92,1,picture4_threat.jpg,4
sub92,1,picture5_neutral.jpg,11
sub92,1,picture7_neutral.jpg,10
sub92,1,picture9_neutral.jpg,1
sub93,1,picture1_neutral.jpg,18
sub93,1,picture1_threat.jpg,2
sub93,1,picture2_neutral.jpg,21
sub93,1,picture2_threat.jpg,26
sub93,1,picture3_threat.jpg,19
sub93,1,picture4_neutral.jpg,2
sub93,1,picture4_threat.jpg,9
sub93,1,picture5_neutral.jpg,28
sub93,1,picture6_neutral.jpg,25
sub93,1,picture8_neutral.jpg,28
sub94,1,picture1_neutral.jpg,9
sub94,1,picture1_threat.jpg,1
sub94,1,picture2_threat.jpg,11
sub94,1,picture3_neutral.jpg,11
sub94,1,picture3_threat.jpg,7
sub94,1,picture4_neutral.jpg,10
sub94,1,picture4_threat.jpg,8
sub94,1,picture5_neutral.jpg,3
sub94,1,picture8_neutral.jpg,1
sub94,1,picture9_neutral.jpg,8
sub95,1,picture10_neutral.jpg,12
sub95,1,picture1_threat.jpg,7
sub95,1,picture2_neutral.jpg,9
sub95,1,picture2_threat.jpg,10
sub95,1,picture3_neutral.jpg,1
sub95,1,picture3_threat.jpg,12
sub95,1,picture4_threat.jpg,11
sub95,1,picture7_neutral.jpg,8
sub95,1,picture8_neutral.jpg,2
sub95,1,picture9_neutral.jpg,7
sub96,1,picture10_neutral.jpg,21
sub96,1,picture1_threat.jpg,2
sub96,1,picture2_neutral.jpg,7
sub96,1,picture2_threat.jpg,20
sub96,1,picture3_threat.jpg,11
sub96,1,picture4_neutral.jpg,12
sub96,1,picture4_threat.jpg,16
sub96,1,picture6_neutral.jpg,21
sub96,1,picture7_neutral.jpg,2
sub96,1,picture8_neutral.jpg,19
sub97,1,picture10_neutral.jpg,19
sub97,1,picture1_neutral.jpg,19
sub97,1,picture1_threat.jpg,9
sub97,1,picture2_neutral.jpg,2
sub97,1,picture2_threat.jpg,18
sub97,1,picture3_threat.jpg,9
sub97,1,picture4_threat.jpg,1
sub97,1,picture5_neutral.jpg,12
sub97,1,picture7_neutral.jpg,11
sub97,1,picture8_neutral.jpg,17
sub98,1,picture10_neutral.jpg,13
sub98,1,picture1_threat.jpg,15
sub98,1,picture2_threat.jpg,1
sub98,1,picture3_neutral.jpg,16
sub98,1,picture3_threat.jpg,16
sub98,1,picture4_neutral.jpg,9
sub98,1,picture4_threat.jpg,15
sub98,1,picture5_neutral.jpg,14
sub98,1,picture6_neutral.jpg,11
sub98,1,picture7_neutral.jpg,7
sub98,2,picture10_neutral.jpg,1
sub98,2,picture1_threat.jpg,1
sub98,2,picture2_threat.jpg,1
sub98,2,picture3_neutral.jpg,3
sub98,2,picture3_threat.jpg,4
sub98,2,picture4_neutral.jpg,6
sub98,2,picture4_threat.jpg,5
sub98,2,picture5_neutral.jpg,6
sub98,2,picture6_neutral.jpg,1
sub98,2,picture7_neutral.jpg,4
sub98,3,picture10_neutral.jpg,1
sub98,3,picture1_threat.jpg,1
sub98,3,picture2_threat.jpg,1
sub98,3,picture3_neutral.jpg,1
sub98,3,picture3_threat.jpg,2
sub98,3,picture4_neutral.jpg,1
sub98,3,picture4_threat.jpg,2
sub98,3,picture5_neutral.jpg,1
sub98,3,picture6_neutral.jpg,1
sub98,3,picture7_neutral.jpg,1
sub99,1,picture1_neutral.jpg,18
sub99,1,picture1_threat.jpg,13
sub99,1,picture2_neutral.jpg,16
sub99,1,picture2_threat.jpg,17
sub99,1,picture3_threat.jpg,5
sub99,1,picture4_neutral.jpg,19
sub99,1,picture4_threat.jpg,1
sub99,1,picture5_neutral.jpg,19
sub99,1,picture6_neutral.jpg,8
sub99,1,picture9_neutral.jpg,3
