subject,transitionType,acc,transitionThreatKind,acc_descriptor,transition_threat
a273wocs111dh0,l,0,threat-threat,false_alarms,contains_threat
a273wocs111dh0,l,1,threat-neutral,correct_rejections,contains_threat
a273wocs111dh0,l,1,neutral-threat,correct_rejections,contains_threat
a273wocs111dh0,l,1,threat-threat,correct_rejections,contains_threat
a273wocs111dh0,i,1,threat-neutral,hits,contains_threat
a273wocs111dh0,l,0,neutral-threat,false_alarms,contains_threat
a273wocs111dh0,l,1,threat-threat,correct_rejections,contains_threat
a273wocs111dh0,l,1,threat-threat,correct_rejections,contains_threat
a273wocs111dh0,i,0,threat-neutral,misses,contains_threat
a273wocs111dh0,l,1,neutral-threat,correct_rejections,contains_threat
a273wocs111dh0,l,1,threat-neutral,correct_rejections,contains_threat
a273wocs111dh0,l,1,neutral-neutral,correct_rejections,no_threat
a273wocs111dh0,l,1,neutral-threat,correct_rejections,contains_threat
a273wocs111dh0,i,1,threat-threat,hits,contains_threat
a273wocs111dh0,l,0,threat-neutral,false_alarms,contains_threat
a273wocs111dh0,l,1,neutral-neutral,correct_rejections,no_threat
a273wocs111dh0,i,1,neutral-neutral,hits,no_threat
a273wocs111dh0,l,1,neutral-threat,correct_rejections,contains_threat
a273wocs111dh0,l,1,threat-neutral,correct_rejections,contains_threat
a273wocs111dh0,l,0,neutral-neutral,false_alarms,no_threat
a273wocs111dh0,l,1,neutral-neutral,correct_rejections,no_threat
a273wocs111dh0,l,1,neutral-neutral,correct_rejections,no_threat
a273wocs111dh0,l,1,neutral-threat,correct_rejections,contains_threat
a273wocs111dh0,l,1,threat-neutral,correct_rejections,contains_threat
a273wocs111dh0,l,1,neutral-neutral,correct_rejections,no_threat
a273wocs111dh0,i,1,neutral-threat,hits,contains_threat
a273wocs111dh0,l,1,threat-neutral,correct_rejections,contains_threat
a273wocs111dh0,l,1,neutral-neutral,correct_rejections,no_threat
a273wocs111dh0,i,1,neutral-neutral,hits,no_threat
a273wocs111dh0,l,1,neutral-threat,correct_rejections,contains_threat
a273wocs111dh0,l,1,threat-neutral,correct_rejections,contains_threat
a273wocs111dh0,i,1,neutral-neutral,hits,no_threat
a273wocs111dh0,l,1,neutral-threat,correct_rejections,contains_threat
a273wocs111dh0,l,1,threat-neutral,correct_rejections,contains_threat
a273wocs111dh0,l,1,neutral-neutral,correct_rejections,no_threat
a273wocs111dh0,i,0,neutral-neutral,misses,no_threat
a273wocs111dh0,l,1,neutral-neutral,correct_rejections,no_threat
a273wocs111dh0,l,1,neutral-threat,correct_rejections,contains_threat
a273wocs111dh0,l,1,threat-neutral,correct_rejections,contains_threat
a273wocs111dh0,l,1,neutral-threat,correct_rejections,contains_threat
a273wocs111dh0,l,1,threat-neutral,correct_rejections,contains_threat
a273wocs111dh0,i,1,neutral-threat,hits,contains_threat
a273wocs111dh0,l,1,threat-threat,correct_rejections,contains_threat
a273wocs111dh0,i,1,threat-threat,hits,contains_threat
a273wocs111dh0,l,1,threat-neutral,correct_rejections,contains_threat
a273wocs111dh0,l,1,neutral-neutral,correct_rejections,no_threat
a273wocs111dh0,l,1,neutral-threat,correct_rejections,contains_threat
a273wocs111dh0,l,1,threat-neutral,correct_rejections,contains_threat
a273wocs111dh0,l,1,neutral-neutral,correct_rejections,no_threat
a273wocs111dh0,i,1,neutral-neutral,hits,no_threat
a273wocs111dh0,l,1,neutral-threat,correct_rejections,contains_threat
a273wocs111dh0,l,1,threat-neutral,correct_rejections,contains_threat
a273wocs111dh0,l,1,neutral-threat,correct_rejections,contains_threat
a273wocs111dh0,l,1,threat-threat,correct_rejections,contains_threat
a273wocs111dh0,l,1,threat-threat,correct_rejections,contains_threat
a273wocs111dh0,l,1,threat-neutral,correct_rejections,contains_threat
a273wocs111dh0,l,1,neutral-threat,correct_rejections,contains_threat
a273wocs111dh0,l,1,threat-neutral,correct_rejections,contains_threat
a273wocs111dh0,l,1,neutral-neutral,correct_rejections,no_threat
a273wocs111dh0,i,1,neutral-neutral,hits,no_threat
a273wocs111dh0,l,1,neutral-neutral,correct_rejections,no_threat
a273wocs111dh0,l,1,neutral-neutral,correct_rejections,no_threat
a273wocs111dh0,i,0,neutral-threat,misses,contains_threat
a273wocs111dh0,l,1,threat-neutral,correct_rejections,contains_threat
a273wocs111dh0,l,1,neutral-neutral,correct_rejections,no_threat
a273wocs111dh0,l,1,neutral-threat,correct_rejections,contains_threat
a273wocs111dh0,l,1,threat-neutral,correct_rejections,contains_threat
a273wocs111dh0,l,1,neutral-neutral,correct_rejections,no_threat
a273wocs111dh0,l,1,neutral-neutral,correct_rejections,no_threat
a273wocs111dh0,l,1,neutral-neutral,correct_rejections,no_threat
a273wocs111dh0,i,1,neutral-threat,hits,contains_threat
a273wocs111dh0,l,1,threat-neutral,correct_rejections,contains_threat
a273wocs111dh0,l,1,neutral-neutral,correct_rejections,no_threat
a273wocs111dh0,l,1,neutral-neutral,correct_rejections,no_threat
a273wocs111dh0,l,1,neutral-threat,correct_rejections,contains_threat
a273wocs111dh0,i,0,threat-neutral,misses,contains_threat
a273wocs111dh0,l,1,neutral-threat,correct_rejections,contains_threat
a273wocs111dh0,l,1,threat-neutral,correct_rejections,contains_threat
a273wocs111dh0,l,1,neutral-neutral,correct_rejections,no_threat
a273wocs111dh0,l,1,neutral-neutral,correct_rejections,no_threat
a273wocs111dh0,i,1,neutral-threat,hits,contains_threat
a273wocs111dh0,l,1,threat-threat,correct_rejections,contains_threat
a273wocs111dh0,l,1,threat-threat,correct_rejections,contains_threat
a273wocs111dh0,i,1,threat-neutral,hits,contains_threat
a273wocs111dh0,l,1,neutral-neutral,correct_rejections,no_threat
a273wocs111dh0,l,1,neutral-neutral,correct_rejections,no_threat
a273wocs111dh0,i,1,neutral-neutral,hits,no_threat
a273wocs111dh0,l,1,neutral-threat,correct_rejections,contains_threat
a273wocs111dh0,l,1,threat-neutral,correct_rejections,contains_threat
a273wocs111dh0,l,0,neutral-neutral,false_alarms,no_threat
a273wocs111dh0,l,1,neutral-neutral,correct_rejections,no_threat
a273wocs111dh0,l,1,neutral-neutral,correct_rejections,no_threat
a273wocs111dh0,l,1,neutral-neutral,correct_rejections,no_threat
a273wocs111dh0,l,0,neutral-neutral,false_alarms,no_threat
a273wocs111dh0,i,1,neutral-neutral,hits,no_threat
a273wocs111dh0,l,1,neutral-neutral,correct_rejections,no_threat
a273wocs111dh0,l,1,neutral-threat,correct_rejections,contains_threat
a273wocs111dh0,l,1,threat-neutral,correct_rejections,contains_threat
a273wocs111dh0,l,1,neutral-neutral,correct_rejections,no_threat
a273wocs111dh0,l,1,neutral-neutral,correct_rejections,no_threat
a273wocs111dh0,i,0,neutral-threat,misses,contains_threat
a273wocs111dh0,l,1,threat-neutral,correct_rejections,contains_threat
a273wocs111dh0,l,1,neutral-threat,correct_rejections,contains_threat
a273wocs111dh0,l,1,threat-neutral,correct_rejections,contains_threat
a273wocs111dh0,l,0,neutral-neutral,false_alarms,no_threat
a273wocs111dh0,l,1,neutral-neutral,correct_rejections,no_threat
a273wocs111dh0,i,1,neutral-threat,hits,contains_threat
a273wocs111dh0,l,1,threat-neutral,correct_rejections,contains_threat
a273wocs111dh0,l,1,neutral-threat,correct_rejections,contains_threat
a273wocs111dh0,l,1,threat-neutral,correct_rejections,contains_threat
a273wocs111dh0,l,1,neutral-threat,correct_rejections,contains_threat
a273wocs111dh0,l,1,threat-neutral,correct_rejections,contains_threat
a273wocs111dh0,l,1,neutral-neutral,correct_rejections,no_threat
a273wocs111dh0,l,1,neutral-neutral,correct_rejections,no_threat
a273wocs111dh0,i,1,neutral-neutral,hits,no_threat
a273wocs111dh0,l,1,neutral-threat,correct_rejections,contains_threat
a273wocs111dh0,i,1,threat-neutral,hits,contains_threat
a273wocs111dh0,l,1,neutral-neutral,correct_rejections,no_threat
a273wocs111dh0,l,1,neutral-threat,correct_rejections,contains_threat
a273wocs111dh0,l,1,threat-threat,correct_rejections,contains_threat
a273wocs111dh0,i,1,threat-neutral,hits,contains_threat
a273wocs111dh0,l,1,neutral-neutral,correct_rejections,no_threat
a273wocs111dh0,i,1,neutral-threat,hits,contains_threat
a273wocs111dh0,l,1,threat-neutral,correct_rejections,contains_threat
a273wocs111dh0,l,1,neutral-threat,correct_rejections,contains_threat
a273wocs111dh0,l,1,threat-neutral,correct_rejections,contains_threat
a273wocs111dh0,l,1,neutral-neutral,correct_rejections,no_threat
a273wocs111dh0,i,1,neutral-neutral,hits,no_threat
a273wocs111dh0,l,1,neutral-neutral,correct_rejections,no_threat
a273wocs111dh0,l,1,neutral-threat,correct_rejections,contains_threat
a273wocs111dh0,l,0,threat-neutral,false_alarms,contains_threat
a273wocs111dh0,l,1,neutral-neutral,correct_rejections,no_threat
a273wocs111dh0,l,1,neutral-neutral,correct_rejections,no_threat
a273wocs111dh0,l,1,neutral-threat,correct_rejections,contains_threat
a273wocs111dh0,i,1,threat-threat,hits,contains_threat
a273wocs111dh0,l,1,threat-neutral,correct_rejections,contains_threat
a273wocs111dh0,l,1,neutral-threat,correct_rejections,contains_threat
a273wocs111dh0,i,1,threat-neutral,hits,contains_threat
a273wocs111dh0,l,1,neutral-neutral,correct_rejections,no_threat
a273wocs111dh0,l,1,neutral-threat,correct_rejections,contains_threat
a273wocs111dh0,l,1,threat-neutral,correct_rejections,contains_threat
a273wocs111dh0,i,1,neutral-neutral,hits,no_threat
a273wocs111dh0,l,1,neutral-threat,correct_rejections,contains_threat
a273wocs111dh0,l,1,threat-threat,correct_rejections,contains_threat
a273wocs111dh0,l,1,threat-neutral,correct_rejections,contains_threat
a273wocs111dh0,i,1,neutral-threat,hits,contains_threat
a273wocs111dh0,l,1,threat-neutral,correct_rejections,contains_threat
a273wocs111dh0,l,1,neutral-threat,correct_rejections,contains_threat
a273wocs111dh0,l,1,threat-neutral,correct_rejections,contains_threat
a273wocs111dh0,l,1,neutral-threat,correct_rejections,contains_threat
a273wocs111dh0,i,1,threat-neutral,hits,contains_threat
a273wocs111dh0,l,1,neutral-threat,correct_rejections,contains_threat
a273wocs111dh0,l,1,threat-neutral,correct_rejections,contains_threat
a273wocs111dh0,i,1,neutral-neutral,hits,no_threat
a273wocs111dh0,l,1,neutral-neutral,correct_rejections,no_threat
a273wocs111dh0,l,1,neutral-threat,correct_rejections,contains_threat
a273wocs111dh0,l,1,threat-neutral,correct_rejections,contains_threat
a273wocs111dh0,l,1,neutral-neutral,correct_rejections,no_threat
a273wocs111dh0,l,1,neutral-neutral,correct_rejections,no_threat
a273wocs111dh0,l,1,neutral-neutral,correct_rejections,no_threat
a273wocs111dh0,l,1,neutral-threat,correct_rejections,contains_threat
a273wocs111dh0,i,0,threat-neutral,misses,contains_threat
a273wocs111dh0,l,0,neutral-threat,false_alarms,contains_threat
a273wocs111dh0,l,1,threat-threat,correct_rejections,contains_threat
a273wocs111dh0,l,1,threat-neutral,correct_rejections,contains_threat
a273wocs111dh0,l,1,neutral-threat,correct_rejections,contains_threat
a273wocs111dh0,l,1,threat-neutral,correct_rejections,contains_threat
a273wocs111dh0,i,1,neutral-threat,hits,contains_threat
a273wocs111dh0,l,1,threat-threat,correct_rejections,contains_threat
a273wocs111dh0,l,1,threat-neutral,correct_rejections,contains_threat
a273wocs111dh0,l,1,neutral-neutral,correct_rejections,no_threat
a273wocs111dh0,l,1,neutral-threat,correct_rejections,contains_threat
a273wocs111dh0,l,1,threat-threat,correct_rejections,contains_threat
a273wocs111dh0,l,1,threat-neutral,correct_rejections,contains_threat
a273wocs111dh0,i,1,neutral-neutral,hits,no_threat
a273wocs111dh0,l,1,neutral-neutral,correct_rejections,no_threat
a273wocs111dh0,l,1,neutral-neutral,correct_rejections,no_threat
a273wocs111dh0,l,1,neutral-neutral,correct_rejections,no_threat
a273wocs111dh0,l,1,neutral-threat,correct_rejections,contains_threat
a273wocs111dh0,i,0,threat-neutral,misses,contains_threat
a273wocs111dh0,l,1,neutral-neutral,correct_rejections,no_threat
a273wocs111dh0,i,1,neutral-neutral,hits,no_threat
a273wocs111dh0,l,1,neutral-neutral,correct_rejections,no_threat
a273wocs111dh0,l,1,neutral-threat,correct_rejections,contains_threat
a273wocs111dh0,i,0,threat-neutral,misses,contains_threat
a273wocs111dh0,l,1,neutral-neutral,correct_rejections,no_threat
a273wocs111dh0,l,1,neutral-neutral,correct_rejections,no_threat
a273wocs111dh0,l,1,neutral-threat,correct_rejections,contains_threat
a273wocs111dh0,l,1,threat-threat,correct_rejections,contains_threat
a273wocs111dh0,l,1,threat-neutral,correct_rejections,contains_threat
a273wocs111dh0,l,1,neutral-threat,correct_rejections,contains_threat
a273wocs111dh0,l,1,threat-neutral,correct_rejections,contains_threat
a273wocs111dh0,i,1,neutral-neutral,hits,no_threat
a273wocs111dh0,l,1,neutral-threat,correct_rejections,contains_threat
a273wocs111dh0,l,1,threat-neutral,correct_rejections,contains_threat
a273wocs111dh0,l,1,neutral-neutral,correct_rejections,no_threat
a273wocs111dh0,l,1,neutral-neutral,correct_rejections,no_threat
a273wocs111dh0,l,1,neutral-threat,correct_rejections,contains_threat
a273wocs111dh0,i,1,threat-threat,hits,contains_threat
a273wocs111dh0,l,1,threat-neutral,correct_rejections,contains_threat
ax8nxtt8qmghc,l,1,threat-neutral,correct_rejections,contains_threat
ax8nxtt8qmghc,l,0,neutral-threat,false_alarms,contains_threat
ax8nxtt8qmghc,l,1,threat-neutral,correct_rejections,contains_threat
ax8nxtt8qmghc,l,1,neutral-neutral,correct_rejections,no_threat
ax8nxtt8qmghc,l,0,neutral-neutral,false_alarms,no_threat
ax8nxtt8qmghc,l,1,neutral-neutral,correct_rejections,no_threat
ax8nxtt8qmghc,l,1,neutral-neutral,correct_rejections,no_threat
ax8nxtt8qmghc,l,1,neutral-threat,correct_rejections,contains_threat
ax8nxtt8qmghc,l,1,threat-threat,correct_rejections,contains_threat
ax8nxtt8qmghc,l,1,threat-neutral,correct_rejections,contains_threat
ax8nxtt8qmghc,i,1,neutral-neutral,hits,no_threat
ax8nxtt8qmghc,l,1,neutral-threat,correct_rejections,contains_threat
ax8nxtt8qmghc,i,1,threat-threat,hits,contains_threat
ax8nxtt8qmghc,l,1,threat-threat,correct_rejections,contains_threat
ax8nxtt8qmghc,l,1,threat-neutral,correct_rejections,contains_threat
ax8nxtt8qmghc,l,1,neutral-threat,correct_rejections,contains_threat
ax8nxtt8qmghc,l,1,threat-neutral,correct_rejections,contains_threat
ax8nxtt8qmghc,i,1,neutral-neutral,hits,no_threat
ax8nxtt8qmghc,l,1,neutral-threat,correct_rejections,contains_threat
ax8nxtt8qmghc,i,1,threat-neutral,hits,contains_threat
ax8nxtt8qmghc,l,1,neutral-threat,correct_rejections,contains_threat
ax8nxtt8qmghc,l,1,threat-threat,correct_rejections,contains_threat
ax8nxtt8qmghc,l,1,threat-neutral,correct_rejections,contains_threat
ax8nxtt8qmghc,l,1,neutral-neutral,correct_rejections,no_threat
ax8nxtt8qmghc,i,1,neutral-threat,hits,contains_threat
ax8nxtt8qmghc,l,1,threat-threat,correct_rejections,contains_threat
ax8nxtt8qmghc,i,1,threat-neutral,hits,contains_threat
ax8nxtt8qmghc,l,1,neutral-threat,correct_rejections,contains_threat
ax8nxtt8qmghc,i,1,threat-neutral,hits,contains_threat
ax8nxtt8qmghc,l,1,neutral-neutral,correct_rejections,no_threat
ax8nxtt8qmghc,l,1,neutral-neutral,correct_rejections,no_threat
ax8nxtt8qmghc,l,1,neutral-threat,correct_rejections,contains_threat
ax8nxtt8qmghc,l,1,threat-neutral,correct_rejections,contains_threat
ax8nxtt8qmghc,l,1,neutral-threat,correct_rejections,contains_threat
ax8nxtt8qmghc,l,1,threat-neutral,correct_rejections,contains_threat
ax8nxtt8qmghc,l,1,neutral-neutral,correct_rejections,no_threat
ax8nxtt8qmghc,i,1,neutral-neutral,hits,no_threat
ax8nxtt8qmghc,l,1,neutral-threat,correct_rejections,contains_threat
ax8nxtt8qmghc,l,1,threat-neutral,correct_rejections,contains_threat
ax8nxtt8qmghc,l,1,neutral-threat,correct_rejections,contains_threat
ax8nxtt8qmghc,l,1,threat-neutral,correct_rejections,contains_threat
ax8nxtt8qmghc,l,0,neutral-threat,false_alarms,contains_threat
ax8nxtt8qmghc,l,1,threat-neutral,correct_rejections,contains_threat
ax8nxtt8qmghc,l,1,neutral-neutral,correct_rejections,no_threat
ax8nxtt8qmghc,l,1,neutral-neutral,correct_rejections,no_threat
ax8nxtt8qmghc,l,1,neutral-neutral,correct_rejections,no_threat
ax8nxtt8qmghc,l,1,neutral-neutral,correct_rejections,no_threat
ax8nxtt8qmghc,l,1,neutral-threat,correct_rejections,contains_threat
ax8nxtt8qmghc,l,0,threat-neutral,false_alarms,contains_threat
ax8nxtt8qmghc,l,1,neutral-neutral,correct_rejections,no_threat
ax8nxtt8qmghc,l,1,neutral-neutral,correct_rejections,no_threat
ax8nxtt8qmghc,i,1,neutral-neutral,hits,no_threat
ax8nxtt8qmghc,l,1,neutral-threat,correct_rejections,contains_threat
ax8nxtt8qmghc,l,1,threat-neutral,correct_rejections,contains_threat
ax8nxtt8qmghc,l,1,neutral-threat,correct_rejections,contains_threat
ax8nxtt8qmghc,i,1,threat-threat,hits,contains_threat
ax8nxtt8qmghc,l,1,threat-neutral,correct_rejections,contains_threat
ax8nxtt8qmghc,i,1,neutral-neutral,hits,no_threat
ax8nxtt8qmghc,l,1,neutral-threat,correct_rejections,contains_threat
ax8nxtt8qmghc,l,1,threat-neutral,correct_rejections,contains_threat
ax8nxtt8qmghc,i,1,neutral-neutral,hits,no_threat
ax8nxtt8qmghc,l,1,neutral-threat,correct_rejections,contains_threat
ax8nxtt8qmghc,i,1,threat-neutral,hits,contains_threat
ax8nxtt8qmghc,l,1,neutral-neutral,correct_rejections,no_threat
ax8nxtt8qmghc,i,1,neutral-threat,hits,contains_threat
ax8nxtt8qmghc,l,1,threat-neutral,correct_rejections,contains_threat
ax8nxtt8qmghc,l,1,neutral-neutral,correct_rejections,no_threat
ax8nxtt8qmghc,l,1,neutral-threat,correct_rejections,contains_threat
ax8nxtt8qmghc,l,1,threat-threat,correct_rejections,contains_threat
ax8nxtt8qmghc,l,1,threat-neutral,correct_rejections,contains_threat
ax8nxtt8qmghc,l,1,neutral-neutral,correct_rejections,no_threat
ax8nxtt8qmghc,l,1,neutral-neutral,correct_rejections,no_threat
ax8nxtt8qmghc,l,1,neutral-threat,correct_rejections,contains_threat
ax8nxtt8qmghc,l,1,threat-neutral,correct_rejections,contains_threat
ax8nxtt8qmghc,l,1,neutral-threat,correct_rejections,contains_threat
ax8nxtt8qmghc,i,1,threat-neutral,hits,contains_threat
ax8nxtt8qmghc,l,1,neutral-neutral,correct_rejections,no_threat
ax8nxtt8qmghc,l,1,neutral-threat,correct_rejections,contains_threat
ax8nxtt8qmghc,l,1,threat-neutral,correct_rejections,contains_threat
ax8nxtt8qmghc,l,1,neutral-neutral,correct_rejections,no_threat
ax8nxtt8qmghc,i,1,neutral-neutral,hits,no_threat
ax8nxtt8qmghc,l,1,neutral-threat,correct_rejections,contains_threat
ax8nxtt8qmghc,l,1,threat-threat,correct_rejections,contains_threat
ax8nxtt8qmghc,l,1,threat-threat,correct_rejections,contains_threat
ax8nxtt8qmghc,i,1,threat-neutral,hits,contains_threat
ax8nxtt8qmghc,l,1,neutral-neutral,correct_rejections,no_threat
ax8nxtt8qmghc,l,1,neutral-threat,correct_rejections,contains_threat
ax8nxtt8qmghc,l,1,threat-threat,correct_rejections,contains_threat
ax8nxtt8qmghc,l,1,threat-neutral,correct_rejections,contains_threat
ax8nxtt8qmghc,i,1,neutral-threat,hits,contains_threat
ax8nxtt8qmghc,l,1,threat-neutral,correct_rejections,contains_threat
ax8nxtt8qmghc,l,1,neutral-threat,correct_rejections,contains_threat
ax8nxtt8qmghc,l,1,threat-neutral,correct_rejections,contains_threat
ax8nxtt8qmghc,l,1,neutral-neutral,correct_rejections,no_threat
ax8nxtt8qmghc,l,1,neutral-neutral,correct_rejections,no_threat
ax8nxtt8qmghc,i,1,neutral-threat,hits,contains_threat
ax8nxtt8qmghc,l,1,threat-threat,correct_rejections,contains_threat
ax8nxtt8qmghc,l,1,threat-neutral,correct_rejections,contains_threat
ax8nxtt8qmghc,l,1,neutral-threat,correct_rejections,contains_threat
ax8nxtt8qmghc,l,1,threat-neutral,correct_rejections,contains_threat
ax8nxtt8qmghc,i,0,neutral-threat,misses,contains_threat
ax8nxtt8qmghc,l,1,threat-neutral,correct_rejections,contains_threat
ax8nxtt8qmghc,l,1,neutral-threat,correct_rejections,contains_threat
ax8nxtt8qmghc,i,1,threat-threat,hits,contains_threat
ax8nxtt8qmghc,l,1,threat-threat,correct_rejections,contains_threat
ax8nxtt8qmghc,l,1,threat-neutral,correct_rejections,contains_threat
ax8nxtt8qmghc,l,1,neutral-neutral,correct_rejections,no_threat
ax8nxtt8qmghc,l,1,neutral-threat,correct_rejections,contains_threat
ax8nxtt8qmghc,l,1,threat-neutral,correct_rejections,contains_threat
ax8nxtt8qmghc,l,1,neutral-neutral,correct_rejections,no_threat
ax8nxtt8qmghc,l,1,neutral-neutral,correct_rejections,no_threat
ax8nxtt8qmghc,l,1,neutral-neutral,correct_rejections,no_threat
ax8nxtt8qmghc,l,1,neutral-threat,correct_rejections,contains_threat
ax8nxtt8qmghc,l,1,threat-threat,correct_rejections,contains_threat
ax8nxtt8qmghc,l,1,threat-threat,correct_rejections,contains_threat
ax8nxtt8qmghc,i,1,threat-neutral,hits,contains_threat
ax8nxtt8qmghc,l,1,neutral-neutral,correct_rejections,no_threat
ax8nxtt8qmghc,i,1,neutral-neutral,hits,no_threat
ax8nxtt8qmghc,l,1,neutral-threat,correct_rejections,contains_threat
ax8nxtt8qmghc,i,1,threat-neutral,hits,contains_threat
ax8nxtt8qmghc,l,1,neutral-neutral,correct_rejections,no_threat
ax8nxtt8qmghc,l,1,neutral-neutral,correct_rejections,no_threat
ax8nxtt8qmghc,l,1,neutral-neutral,correct_rejections,no_threat
ax8nxtt8qmghc,l,1,neutral-neutral,correct_rejections,no_threat
ax8nxtt8qmghc,l,1,neutral-neutral,correct_rejections,no_threat
ax8nxtt8qmghc,i,1,neutral-threat,hits,contains_threat
ax8nxtt8qmghc,l,1,threat-neutral,correct_rejections,contains_threat
ax8nxtt8qmghc,l,1,neutral-threat,correct_rejections,contains_threat
ax8nxtt8qmghc,l,1,threat-neutral,correct_rejections,contains_threat
ax8nxtt8qmghc,l,1,neutral-threat,correct_rejections,contains_threat
ax8nxtt8qmghc,l,1,threat-neutral,correct_rejections,contains_threat
ax8nxtt8qmghc,l,1,neutral-neutral,correct_rejections,no_threat
ax8nxtt8qmghc,i,1,neutral-neutral,hits,no_threat
ax8nxtt8qmghc,l,1,neutral-threat,correct_rejections,contains_threat
ax8nxtt8qmghc,i,0,threat-neutral,misses,contains_threat
ax8nxtt8qmghc,l,1,neutral-neutral,correct_rejections,no_threat
ax8nxtt8qmghc,i,1,neutral-neutral,hits,no_threat
ax8nxtt8qmghc,l,1,neutral-neutral,correct_rejections,no_threat
ax8nxtt8qmghc,l,1,neutral-neutral,correct_rejections,no_threat
ax8nxtt8qmghc,l,1,neutral-threat,correct_rejections,contains_threat
ax8nxtt8qmghc,l,1,threat-neutral,correct_rejections,contains_threat
ax8nxtt8qmghc,l,1,neutral-neutral,correct_rejections,no_threat
ax8nxtt8qmghc,i,1,neutral-neutral,hits,no_threat
ax8nxtt8qmghc,l,1,neutral-threat,correct_rejections,contains_threat
ax8nxtt8qmghc,l,1,threat-neutral,correct_rejections,contains_threat
ax8nxtt8qmghc,l,1,neutral-neutral,correct_rejections,no_threat
ax8nxtt8qmghc,i,1,neutral-neutral,hits,no_threat
ax8nxtt8qmghc,l,1,neutral-neutral,correct_rejections,no_threat
ax8nxtt8qmghc,l,1,neutral-threat,correct_rejections,contains_threat
ax8nxtt8qmghc,i,1,threat-threat,hits,contains_threat
ax8nxtt8qmghc,l,1,threat-neutral,correct_rejections,contains_threat
ax8nxtt8qmghc,i,1,neutral-neutral,hits,no_threat
ax8nxtt8qmghc,l,1,neutral-threat,correct_rejections,contains_threat
ax8nxtt8qmghc,l,0,threat-neutral,false_alarms,contains_threat
ax8nxtt8qmghc,l,1,neutral-threat,correct_rejections,contains_threat
ax8nxtt8qmghc,l,1,threat-threat,correct_rejections,contains_threat
ax8nxtt8qmghc,l,1,threat-neutral,correct_rejections,contains_threat
ax8nxtt8qmghc,l,1,neutral-threat,correct_rejections,contains_threat
ax8nxtt8qmghc,l,1,threat-threat,correct_rejections,contains_threat
ax8nxtt8qmghc,l,1,threat-threat,correct_rejections,contains_threat
ax8nxtt8qmghc,l,1,threat-neutral,correct_rejections,contains_threat
ax8nxtt8qmghc,l,1,neutral-threat,correct_rejections,contains_threat
ax8nxtt8qmghc,l,1,threat-neutral,correct_rejections,contains_threat
ax8nxtt8qmghc,l,1,neutral-threat,correct_rejections,contains_threat
ax8nxtt8qmghc,l,1,threat-neutral,correct_rejections,contains_threat
ax8nxtt8qmghc,l,1,neutral-neutral,correct_rejections,no_threat
ax8nxtt8qmghc,i,1,neutral-neutral,hits,no_threat
ax8nxtt8qmghc,l,1,neutral-threat,correct_rejections,contains_threat
ax8nxtt8qmghc,l,1,threat-neutral,correct_rejections,contains_threat
ax8nxtt8qmghc,l,1,neutral-neutral,correct_rejections,no_threat
ax8nxtt8qmghc,i,1,neutral-threat,hits,contains_threat
ax8nxtt8qmghc,l,1,threat-threat,correct_rejections,contains_threat
ax8nxtt8qmghc,l,1,threat-threat,correct_rejections,contains_threat
ax8nxtt8qmghc,l,1,threat-neutral,correct_rejections,contains_threat
ax8nxtt8qmghc,l,1,neutral-neutral,correct_rejections,no_threat
ax8nxtt8qmghc,l,1,neutral-neutral,correct_rejections,no_threat
ax8nxtt8qmghc,i,1,neutral-neutral,hits,no_threat
ax8nxtt8qmghc,l,1,neutral-neutral,correct_rejections,no_threat
ax8nxtt8qmghc,l,1,neutral-threat,correct_rejections,contains_threat
ax8nxtt8qmghc,i,1,threat-neutral,hits,contains_threat
ax8nxtt8qmghc,l,1,neutral-neutral,correct_rejections,no_threat
ax8nxtt8qmghc,l,1,neutral-neutral,correct_rejections,no_threat
ax8nxtt8qmghc,l,1,neutral-threat,correct_rejections,contains_threat
ax8nxtt8qmghc,i,1,threat-threat,hits,contains_threat
ax8nxtt8qmghc,l,1,threat-neutral,correct_rejections,contains_threat
ax8nxtt8qmghc,l,1,neutral-neutral,correct_rejections,no_threat
ax8nxtt8qmghc,l,1,neutral-threat,correct_rejections,contains_threat
ax8nxtt8qmghc,l,1,threat-neutral,correct_rejections,contains_threat
ax8nxtt8qmghc,i,1,neutral-threat,hits,contains_threat
ax8nxtt8qmghc,l,1,threat-threat,correct_rejections,contains_threat
ax8nxtt8qmghc,i,1,threat-neutral,hits,contains_threat
ax8nxtt8qmghc,l,1,neutral-neutral,correct_rejections,no_threat
ax8nxtt8qmghc,i,1,neutral-neutral,hits,no_threat
ax8nxtt8qmghc,l,1,neutral-neutral,correct_rejections,no_threat
ax8nxtt8qmghc,l,1,neutral-neutral,correct_rejections,no_threat
ax8nxtt8qmghc,l,1,neutral-neutral,correct_rejections,no_threat
ax8nxtt8qmghc,l,1,neutral-neutral,correct_rejections,no_threat
ax8nxtt8qmghc,l,1,neutral-neutral,correct_rejections,no_threat
ax8nxtt8qmghc,l,1,neutral-neutral,correct_rejections,no_threat
ax8nxtt8qmghc,l,1,neutral-neutral,correct_rejections,no_threat
a3eqr9c0l23o6e,l,1,threat-threat,correct_rejections,contains_threat
a3eqr9c0l23o6e,l,1,threat-threat,correct_rejections,contains_threat
a3eqr9c0l23o6e,l,1,threat-neutral,correct_rejections,contains_threat
a3eqr9c0l23o6e,l,1,neutral-threat,correct_rejections,contains_threat
a3eqr9c0l23o6e,l,1,threat-neutral,correct_rejections,contains_threat
a3eqr9c0l23o6e,i,1,neutral-threat,hits,contains_threat
a3eqr9c0l23o6e,l,1,threat-threat,correct_rejections,contains_threat
a3eqr9c0l23o6e,l,1,threat-neutral,correct_rejections,contains_threat
a3eqr9c0l23o6e,l,1,neutral-threat,correct_rejections,contains_threat
a3eqr9c0l23o6e,i,1,threat-threat,hits,contains_threat
a3eqr9c0l23o6e,l,1,threat-threat,correct_rejections,contains_threat
a3eqr9c0l23o6e,l,1,threat-neutral,correct_rejections,contains_threat
a3eqr9c0l23o6e,l,1,neutral-threat,correct_rejections,contains_threat
a3eqr9c0l23o6e,l,1,threat-neutral,correct_rejections,contains_threat
a3eqr9c0l23o6e,i,1,neutral-neutral,hits,no_threat
a3eqr9c0l23o6e,l,1,neutral-neutral,correct_rejections,no_threat
a3eqr9c0l23o6e,l,1,neutral-neutral,correct_rejections,no_threat
a3eqr9c0l23o6e,i,1,neutral-neutral,hits,no_threat
a3eqr9c0l23o6e,l,1,neutral-neutral,correct_rejections,no_threat
a3eqr9c0l23o6e,l,1,neutral-neutral,correct_rejections,no_threat
a3eqr9c0l23o6e,l,1,neutral-neutral,correct_rejections,no_threat
a3eqr9c0l23o6e,l,1,neutral-neutral,correct_rejections,no_threat
a3eqr9c0l23o6e,l,1,neutral-threat,correct_rejections,contains_threat
a3eqr9c0l23o6e,l,1,threat-neutral,correct_rejections,contains_threat
a3eqr9c0l23o6e,l,1,neutral-neutral,correct_rejections,no_threat
a3eqr9c0l23o6e,l,1,neutral-neutral,correct_rejections,no_threat
a3eqr9c0l23o6e,l,1,neutral-neutral,correct_rejections,no_threat
a3eqr9c0l23o6e,l,0,neutral-neutral,false_alarms,no_threat
a3eqr9c0l23o6e,i,0,neutral-threat,misses,contains_threat
a3eqr9c0l23o6e,l,1,threat-neutral,correct_rejections,contains_threat
a3eqr9c0l23o6e,l,1,neutral-neutral,correct_rejections,no_threat
a3eqr9c0l23o6e,i,1,neutral-neutral,hits,no_threat
a3eqr9c0l23o6e,l,1,neutral-neutral,correct_rejections,no_threat
a3eqr9c0l23o6e,i,0,neutral-neutral,misses,no_threat
a3eqr9c0l23o6e,l,1,neutral-threat,correct_rejections,contains_threat
a3eqr9c0l23o6e,l,1,threat-neutral,correct_rejections,contains_threat
a3eqr9c0l23o6e,i,1,neutral-threat,hits,contains_threat
a3eqr9c0l23o6e,l,1,threat-threat,correct_rejections,contains_threat
a3eqr9c0l23o6e,l,1,threat-neutral,correct_rejections,contains_threat
a3eqr9c0l23o6e,l,1,neutral-neutral,correct_rejections,no_threat
a3eqr9c0l23o6e,l,1,neutral-threat,correct_rejections,contains_threat
a3eqr9c0l23o6e,l,1,threat-neutral,correct_rejections,contains_threat
a3eqr9c0l23o6e,i,1,neutral-neutral,hits,no_threat
a3eqr9c0l23o6e,l,1,neutral-neutral,correct_rejections,no_threat
a3eqr9c0l23o6e,l,1,neutral-neutral,correct_rejections,no_threat
a3eqr9c0l23o6e,l,1,neutral-threat,correct_rejections,contains_threat
a3eqr9c0l23o6e,i,1,threat-neutral,hits,contains_threat
a3eqr9c0l23o6e,l,1,neutral-threat,correct_rejections,contains_threat
a3eqr9c0l23o6e,l,1,threat-threat,correct_rejections,contains_threat
a3eqr9c0l23o6e,l,1,threat-neutral,correct_rejections,contains_threat
a3eqr9c0l23o6e,l,1,neutral-threat,correct_rejections,contains_threat
a3eqr9c0l23o6e,l,1,threat-neutral,correct_rejections,contains_threat
a3eqr9c0l23o6e,i,1,neutral-neutral,hits,no_threat
a3eqr9c0l23o6e,l,1,neutral-threat,correct_rejections,contains_threat
a3eqr9c0l23o6e,i,1,threat-threat,hits,contains_threat
a3eqr9c0l23o6e,l,1,threat-neutral,correct_rejections,contains_threat
a3eqr9c0l23o6e,l,1,neutral-neutral,correct_rejections,no_threat
a3eqr9c0l23o6e,l,1,neutral-threat,correct_rejections,contains_threat
a3eqr9c0l23o6e,l,1,threat-threat,correct_rejections,contains_threat
a3eqr9c0l23o6e,l,1,threat-neutral,correct_rejections,contains_threat
a3eqr9c0l23o6e,l,0,neutral-neutral,false_alarms,no_threat
a3eqr9c0l23o6e,l,0,neutral-neutral,false_alarms,no_threat
a3eqr9c0l23o6e,l,1,neutral-neutral,correct_rejections,no_threat
a3eqr9c0l23o6e,i,1,neutral-neutral,hits,no_threat
a3eqr9c0l23o6e,l,1,neutral-threat,correct_rejections,contains_threat
a3eqr9c0l23o6e,l,1,threat-threat,correct_rejections,contains_threat
a3eqr9c0l23o6e,l,1,threat-neutral,correct_rejections,contains_threat
a3eqr9c0l23o6e,i,1,neutral-threat,hits,contains_threat
a3eqr9c0l23o6e,l,1,threat-neutral,correct_rejections,contains_threat
a3eqr9c0l23o6e,l,1,neutral-threat,correct_rejections,contains_threat
a3eqr9c0l23o6e,i,1,threat-neutral,hits,contains_threat
a3eqr9c0l23o6e,l,1,neutral-neutral,correct_rejections,no_threat
a3eqr9c0l23o6e,l,1,neutral-neutral,correct_rejections,no_threat
a3eqr9c0l23o6e,l,1,neutral-threat,correct_rejections,contains_threat
a3eqr9c0l23o6e,l,1,threat-threat,correct_rejections,contains_threat
a3eqr9c0l23o6e,l,1,threat-neutral,correct_rejections,contains_threat
a3eqr9c0l23o6e,i,1,neutral-neutral,hits,no_threat
a3eqr9c0l23o6e,l,1,neutral-threat,correct_rejections,contains_threat
a3eqr9c0l23o6e,l,1,threat-neutral,correct_rejections,contains_threat
a3eqr9c0l23o6e,l,1,neutral-threat,correct_rejections,contains_threat
a3eqr9c0l23o6e,l,1,threat-neutral,correct_rejections,contains_threat
a3eqr9c0l23o6e,l,1,neutral-threat,correct_rejections,contains_threat
a3eqr9c0l23o6e,l,1,threat-neutral,correct_rejections,contains_threat
a3eqr9c0l23o6e,l,1,neutral-threat,correct_rejections,contains_threat
a3eqr9c0l23o6e,l,1,threat-neutral,correct_rejections,contains_threat
a3eqr9c0l23o6e,l,1,neutral-threat,correct_rejections,contains_threat
a3eqr9c0l23o6e,l,1,threat-neutral,correct_rejections,contains_threat
a3eqr9c0l23o6e,i,1,neutral-neutral,hits,no_threat
a3eqr9c0l23o6e,l,1,neutral-neutral,correct_rejections,no_threat
a3eqr9c0l23o6e,l,1,neutral-neutral,correct_rejections,no_threat
a3eqr9c0l23o6e,i,1,neutral-neutral,hits,no_threat
a3eqr9c0l23o6e,l,1,neutral-neutral,correct_rejections,no_threat
a3eqr9c0l23o6e,l,1,neutral-neutral,correct_rejections,no_threat
a3eqr9c0l23o6e,l,1,neutral-threat,correct_rejections,contains_threat
a3eqr9c0l23o6e,i,1,threat-threat,hits,contains_threat
a3eqr9c0l23o6e,l,1,threat-neutral,correct_rejections,contains_threat
a3eqr9c0l23o6e,l,1,neutral-neutral,correct_rejections,no_threat
a3eqr9c0l23o6e,l,1,neutral-threat,correct_rejections,contains_threat
a3eqr9c0l23o6e,i,1,threat-threat,hits,contains_threat
a3eqr9c0l23o6e,l,1,threat-neutral,correct_rejections,contains_threat
a3eqr9c0l23o6e,l,1,neutral-neutral,correct_rejections,no_threat
a3eqr9c0l23o6e,l,1,neutral-threat,correct_rejections,contains_threat
a3eqr9c0l23o6e,l,1,threat-neutral,correct_rejections,contains_threat
a3eqr9c0l23o6e,l,1,neutral-threat,correct_rejections,contains_threat
a3eqr9c0l23o6e,l,1,threat-threat,correct_rejections,contains_threat
a3eqr9c0l23o6e,l,1,threat-threat,correct_rejections,contains_threat
a3eqr9c0l23o6e,l,1,threat-neutral,correct_rejections,contains_threat
a3eqr9c0l23o6e,l,1,neutral-threat,correct_rejections,contains_threat
a3eqr9c0l23o6e,i,1,threat-threat,hits,contains_threat
a3eqr9c0l23o6e,l,1,threat-neutral,correct_rejections,contains_threat
a3eqr9c0l23o6e,l,1,neutral-neutral,correct_rejections,no_threat
a3eqr9c0l23o6e,l,1,neutral-threat,correct_rejections,contains_threat
a3eqr9c0l23o6e,l,1,threat-threat,correct_rejections,contains_threat
a3eqr9c0l23o6e,i,1,threat-neutral,hits,contains_threat
a3eqr9c0l23o6e,l,1,neutral-threat,correct_rejections,contains_threat
a3eqr9c0l23o6e,l,1,threat-neutral,correct_rejections,contains_threat
a3eqr9c0l23o6e,l,1,neutral-neutral,correct_rejections,no_threat
a3eqr9c0l23o6e,i,1,neutral-threat,hits,contains_threat
a3eqr9c0l23o6e,l,1,threat-neutral,correct_rejections,contains_threat
a3eqr9c0l23o6e,i,1,neutral-threat,hits,contains_threat
a3eqr9c0l23o6e,l,1,threat-threat,correct_rejections,contains_threat
a3eqr9c0l23o6e,i,1,threat-neutral,hits,contains_threat
a3eqr9c0l23o6e,l,1,neutral-threat,correct_rejections,contains_threat
a3eqr9c0l23o6e,l,1,threat-threat,correct_rejections,contains_threat
a3eqr9c0l23o6e,l,1,threat-neutral,correct_rejections,contains_threat
a3eqr9c0l23o6e,l,1,neutral-neutral,correct_rejections,no_threat
a3eqr9c0l23o6e,l,1,neutral-neutral,correct_rejections,no_threat
a3eqr9c0l23o6e,l,1,neutral-threat,correct_rejections,contains_threat
a3eqr9c0l23o6e,l,1,threat-neutral,correct_rejections,contains_threat
a3eqr9c0l23o6e,l,1,neutral-neutral,correct_rejections,no_threat
a3eqr9c0l23o6e,l,1,neutral-threat,correct_rejections,contains_threat
a3eqr9c0l23o6e,i,1,threat-neutral,hits,contains_threat
a3eqr9c0l23o6e,l,1,neutral-threat,correct_rejections,contains_threat
a3eqr9c0l23o6e,l,1,threat-threat,correct_rejections,contains_threat
a3eqr9c0l23o6e,l,1,threat-neutral,correct_rejections,contains_threat
a3eqr9c0l23o6e,i,1,neutral-neutral,hits,no_threat
a3eqr9c0l23o6e,l,1,neutral-threat,correct_rejections,contains_threat
a3eqr9c0l23o6e,l,1,threat-neutral,correct_rejections,contains_threat
a3eqr9c0l23o6e,l,1,neutral-threat,correct_rejections,contains_threat
a3eqr9c0l23o6e,i,1,threat-neutral,hits,contains_threat
a3eqr9c0l23o6e,l,1,neutral-threat,correct_rejections,contains_threat
a3eqr9c0l23o6e,l,1,threat-neutral,correct_rejections,contains_threat
a3eqr9c0l23o6e,i,1,neutral-threat,hits,contains_threat
a3eqr9c0l23o6e,l,1,threat-neutral,correct_rejections,contains_threat
a3eqr9c0l23o6e,l,0,neutral-neutral,false_alarms,no_threat
a3eqr9c0l23o6e,l,1,neutral-neutral,correct_rejections,no_threat
a3eqr9c0l23o6e,l,1,neutral-threat,correct_rejections,contains_threat
a3eqr9c0l23o6e,l,1,threat-neutral,correct_rejections,contains_threat
a3eqr9c0l23o6e,i,1,neutral-neutral,hits,no_threat
a3eqr9c0l23o6e,l,1,neutral-neutral,correct_rejections,no_threat
a3eqr9c0l23o6e,l,1,neutral-neutral,correct_rejections,no_threat
a3eqr9c0l23o6e,i,1,neutral-neutral,hits,no_threat
a3eqr9c0l23o6e,l,1,neutral-threat,correct_rejections,contains_threat
a3eqr9c0l23o6e,i,1,threat-threat,hits,contains_threat
a3eqr9c0l23o6e,l,1,threat-neutral,correct_rejections,contains_threat
a3eqr9c0l23o6e,l,1,neutral-neutral,correct_rejections,no_threat
a3eqr9c0l23o6e,l,1,neutral-neutral,correct_rejections,no_threat
a3eqr9c0l23o6e,l,1,neutral-neutral,correct_rejections,no_threat
a3eqr9c0l23o6e,l,1,neutral-neutral,correct_rejections,no_threat
a3eqr9c0l23o6e,l,1,neutral-neutral,correct_rejections,no_threat
a3eqr9c0l23o6e,l,1,neutral-neutral,correct_rejections,no_threat
a3eqr9c0l23o6e,l,1,neutral-threat,correct_rejections,contains_threat
a3eqr9c0l23o6e,l,1,threat-neutral,correct_rejections,contains_threat
a3eqr9c0l23o6e,l,1,neutral-neutral,correct_rejections,no_threat
a3eqr9c0l23o6e,l,1,neutral-neutral,correct_rejections,no_threat
a3eqr9c0l23o6e,l,1,neutral-neutral,correct_rejections,no_threat
a3eqr9c0l23o6e,i,1,neutral-neutral,hits,no_threat
a3eqr9c0l23o6e,l,1,neutral-neutral,correct_rejections,no_threat
a3eqr9c0l23o6e,l,1,neutral-neutral,correct_rejections,no_threat
a3eqr9c0l23o6e,l,1,neutral-threat,correct_rejections,contains_threat
a3eqr9c0l23o6e,i,1,threat-threat,hits,contains_threat
a3eqr9c0l23o6e,l,1,threat-neutral,correct_rejections,contains_threat
a3eqr9c0l23o6e,l,1,neutral-neutral,correct_rejections,no_threat
a3eqr9c0l23o6e,l,1,neutral-neutral,correct_rejections,no_threat
a3eqr9c0l23o6e,l,1,neutral-threat,correct_rejections,contains_threat
a3eqr9c0l23o6e,i,1,threat-neutral,hits,contains_threat
a3eqr9c0l23o6e,l,1,neutral-threat,correct_rejections,contains_threat
a3eqr9c0l23o6e,i,1,threat-neutral,hits,contains_threat
a3eqr9c0l23o6e,l,1,neutral-neutral,correct_rejections,no_threat
a3eqr9c0l23o6e,l,1,neutral-neutral,correct_rejections,no_threat
a3eqr9c0l23o6e,l,1,neutral-neutral,correct_rejections,no_threat
a3eqr9c0l23o6e,l,1,neutral-threat,correct_rejections,contains_threat
a3eqr9c0l23o6e,l,1,threat-neutral,correct_rejections,contains_threat
a3eqr9c0l23o6e,i,1,neutral-neutral,hits,no_threat
a3eqr9c0l23o6e,l,1,neutral-threat,correct_rejections,contains_threat
a3eqr9c0l23o6e,l,1,threat-neutral,correct_rejections,contains_threat
a3eqr9c0l23o6e,i,1,neutral-threat,hits,contains_threat
a3eqr9c0l23o6e,l,1,threat-neutral,correct_rejections,contains_threat
a3eqr9c0l23o6e,l,1,neutral-neutral,correct_rejections,no_threat
a3eqr9c0l23o6e,l,1,neutral-threat,correct_rejections,contains_threat
a3eqr9c0l23o6e,l,1,threat-threat,correct_rejections,contains_threat
a3eqr9c0l23o6e,l,1,threat-neutral,correct_rejections,contains_threat
a3eqr9c0l23o6e,l,1,neutral-neutral,correct_rejections,no_threat
a3eqr9c0l23o6e,i,1,neutral-threat,hits,contains_threat
a3eqr9c0l23o6e,l,1,threat-neutral,correct_rejections,contains_threat
a3eqr9c0l23o6e,l,1,neutral-threat,correct_rejections,contains_threat
a3eqr9c0l23o6e,l,1,threat-neutral,correct_rejections,contains_threat
a3eqr9c0l23o6e,l,1,neutral-neutral,correct_rejections,no_threat
a3eqr9c0l23o6e,l,1,neutral-neutral,correct_rejections,no_threat
a3eqr9c0l23o6e,l,1,neutral-neutral,correct_rejections,no_threat
